========================================
執行時間：2026-07-17 09:41:55
🌐 開始爬取富邦基金資料...
════════════════════════════════════════════════════════════
  富邦 VCCT 月配息計算器
════════════════════════════════════════════════════════════
  保費：TWD 1,000,000　費用率：5.0%　匯率：31.4
  共 8 檔基金待查詢
════════════════════════════════════════════════════════════

🌐 啟動瀏覽器...
  [1/8] JFP11    ✅ 淨值=74.6200  分配=0.6930  月配息 TWD 8,823  報酬率 11.14%
  [2/8] ACC3     ✅ 淨值=9.4800  分配=0.0750  月配息 TWD 7,516  報酬率 9.49%
  [3/8] IGB5     ✅ 淨值=6.9845  分配=0.0510  月配息 TWD 6,937  報酬率 8.76%
  [4/8] FRP4     ✅ 淨值=9.9000  分配=0.0670  月配息 TWD 6,429  報酬率 8.12%
  [5/8] DSP5     ✅ 淨值=8.6437  分配=0.0550  月配息 TWD 6,045  報酬率 7.64%
  [6/8] SCP6     ✅ 淨值=142.0451  分配=1.1841  月配息 TWD 7,919  報酬率 10.00%
  [7/8] ESC1     ✅ 淨值=8.3800  分配=0.0687  月配息 TWD 7,794  報酬率 9.84%
  [8/8] MLE24    ✅ 淨值=20.5800  分配=0.1375  月配息 TWD 6,347  報酬率 8.02%

🔒 瀏覽器已關閉

════════════════════════════════════════════════════════════════════════════
  📊 基金比較排行（依年化報酬率排序）
  保費 TWD 1,000,000　費用率 5%　匯率 31.4
════════════════════════════════════════════════════════════════════════════
  排名   基金名稱               淨值      分配金額     月配息(TWD)     年配息(TWD)      報酬率
  ──── ────────── ────────── ───────── ──────────── ──────────── ────────
  🥇    JFP11         74.6200    0.6930        8,823      105,872   11.14%
  🥈    SCP6         142.0451    1.1841        7,919       95,028   10.00%
  🥉    ESC1           8.3800    0.0687        7,794       93,525    9.84%
    4. ACC3           9.4800    0.0750        7,516       90,190    9.49%
    5. IGB5           6.9845    0.0510        6,937       83,241    8.76%
    6. FRP4           9.9000    0.0670        6,429       77,152    8.12%
    7. MLE24         20.5800    0.1375        6,347       76,166    8.02%
    8. DSP5           8.6437    0.0550        6,045       72,538    7.64%
════════════════════════════════════════════════════════════════════════════

  🏆 最佳選擇：JFP11
     每月可領 TWD 8,823　年化報酬率 11.14%
     vs 最低 DSP5：每月多 TWD 2,778

ℹ️  無變動，不需要推送
完成
========================================
執行時間：2026-07-17 10:13:41
🌐 開始爬取並更新...
════════════════════════════════════════════════════════════
  富邦 VCCT 月配息計算器
════════════════════════════════════════════════════════════
  保費：TWD 1,000,000　費用率：5.0%　匯率：31.4
  共 8 檔基金待查詢
════════════════════════════════════════════════════════════

🌐 啟動瀏覽器...
  [1/8] JFP11    ✅ 淨值=74.6200  分配=0.6930  月配息 TWD 8,823  報酬率 11.14%
  [2/8] ACC3     ✅ 淨值=9.4800  分配=0.0750  月配息 TWD 7,516  報酬率 9.49%
  [3/8] IGB5     ✅ 淨值=6.9845  分配=0.0510  月配息 TWD 6,937  報酬率 8.76%
  [4/8] FRP4     ✅ 淨值=9.9000  分配=0.0670  月配息 TWD 6,429  報酬率 8.12%
  [5/8] DSP5     ✅ 淨值=8.6437  分配=0.0550  月配息 TWD 6,045  報酬率 7.64%
  [6/8] SCP6     ✅ 淨值=141.6116  分配=1.1841  月配息 TWD 7,943  報酬率 10.03%
  [7/8] ESC1     ✅ 淨值=8.3800  分配=0.0687  月配息 TWD 7,794  報酬率 9.84%
  [8/8] MLE24    ✅ 淨值=20.5800  分配=0.1375  月配息 TWD 6,347  報酬率 8.02%

🔒 瀏覽器已關閉

════════════════════════════════════════════════════════════════════════════
  📊 基金比較排行（依年化報酬率排序）
  保費 TWD 1,000,000　費用率 5%　匯率 31.4
════════════════════════════════════════════════════════════════════════════
  排名   基金名稱               淨值      分配金額     月配息(TWD)     年配息(TWD)      報酬率
  ──── ────────── ────────── ───────── ──────────── ──────────── ────────
  🥇    JFP11         74.6200    0.6930        8,823      105,872   11.14%
  🥈    SCP6         141.6116    1.1841        7,943       95,319   10.03%
  🥉    ESC1           8.3800    0.0687        7,794       93,525    9.84%
    4. ACC3           9.4800    0.0750        7,516       90,190    9.49%
    5. IGB5           6.9845    0.0510        6,937       83,241    8.76%
    6. FRP4           9.9000    0.0670        6,429       77,152    8.12%
    7. MLE24         20.5800    0.1375        6,347       76,166    8.02%
    8. DSP5           8.6437    0.0550        6,045       72,538    7.64%
════════════════════════════════════════════════════════════════════════════

  🏆 最佳選擇：JFP11
     每月可領 TWD 8,823　年化報酬率 11.14%
     vs 最低 DSP5：每月多 TWD 2,778

Traceback (most recent call last):
  File "/Users/mylove/Downloads/fubon-vcct-calculator-main/fubon_vcct_calculator.py", line 270, in <module>
    main()
    ~~~~^^
  File "/Users/mylove/Downloads/fubon-vcct-calculator-main/fubon_vcct_calculator.py", line 266, in main
    auto_update_web(results)
    ^^^^^^^^^^^^^^^
NameError: name 'auto_update_web' is not defined
完成
========================================
執行時間：2026-07-17 10:15:25
🌐 開始爬取並更新...
════════════════════════════════════════════════════════════
  富邦 VCCT 月配息計算器
════════════════════════════════════════════════════════════
  保費：TWD 1,000,000　費用率：5.0%　匯率：31.4
  共 8 檔基金待查詢
════════════════════════════════════════════════════════════

🌐 啟動瀏覽器...
  [1/8] JFP11    ✅ 淨值=74.6200  分配=0.6930  月配息 TWD 8,823  報酬率 11.14%
  [2/8] ACC3     ✅ 淨值=9.4800  分配=0.0750  月配息 TWD 7,516  報酬率 9.49%
  [3/8] IGB5     ✅ 淨值=6.9845  分配=0.0510  月配息 TWD 6,937  報酬率 8.76%
  [4/8] FRP4     ✅ 淨值=9.9000  分配=0.0670  月配息 TWD 6,429  報酬率 8.12%
  [5/8] DSP5     ✅ 淨值=8.6437  分配=0.0550  月配息 TWD 6,045  報酬率 7.64%
  [6/8] SCP6     ✅ 淨值=141.6116  分配=1.1841  月配息 TWD 7,943  報酬率 10.03%
  [7/8] ESC1     ✅ 淨值=8.3800  分配=0.0687  月配息 TWD 7,794  報酬率 9.84%
  [8/8] MLE24    ✅ 淨值=20.5800  分配=0.1375  月配息 TWD 6,347  報酬率 8.02%

🔒 瀏覽器已關閉

════════════════════════════════════════════════════════════════════════════
  📊 基金比較排行（依年化報酬率排序）
  保費 TWD 1,000,000　費用率 5%　匯率 31.4
════════════════════════════════════════════════════════════════════════════
  排名   基金名稱               淨值      分配金額     月配息(TWD)     年配息(TWD)      報酬率
  ──── ────────── ────────── ───────── ──────────── ──────────── ────────
  🥇    JFP11         74.6200    0.6930        8,823      105,872   11.14%
  🥈    SCP6         141.6116    1.1841        7,943       95,319   10.03%
  🥉    ESC1           8.3800    0.0687        7,794       93,525    9.84%
    4. ACC3           9.4800    0.0750        7,516       90,190    9.49%
    5. IGB5           6.9845    0.0510        6,937       83,241    8.76%
    6. FRP4           9.9000    0.0670        6,429       77,152    8.12%
    7. MLE24         20.5800    0.1375        6,347       76,166    8.02%
    8. DSP5           8.6437    0.0550        6,045       72,538    7.64%
════════════════════════════════════════════════════════════════════════════

  🏆 最佳選擇：JFP11
     每月可領 TWD 8,823　年化報酬率 11.14%
     vs 最低 DSP5：每月多 TWD 2,778

Traceback (most recent call last):
  File "/Users/mylove/Downloads/fubon-vcct-calculator-main/fubon_vcct_calculator.py", line 270, in <module>
    main()
    ~~~~^^
  File "/Users/mylove/Downloads/fubon-vcct-calculator-main/fubon_vcct_calculator.py", line 266, in main
    auto_update_web(results)
    ^^^^^^^^^^^^^^^
NameError: name 'auto_update_web' is not defined
完成
========================================
執行時間：2026-07-17 10:18:39
🌐 開始爬取並更新...
════════════════════════════════════════════════════════════
  富邦 VCCT 月配息計算器
════════════════════════════════════════════════════════════
  保費：TWD 1,000,000　費用率：5.0%　匯率：31.4
  共 8 檔基金待查詢
════════════════════════════════════════════════════════════

🌐 啟動瀏覽器...
  [1/8] JFP11    ✅ 淨值=74.6200  分配=0.6930  月配息 TWD 8,823  報酬率 11.14%
  [2/8] ACC3     ✅ 淨值=9.4800  分配=0.0750  月配息 TWD 7,516  報酬率 9.49%
  [3/8] IGB5     ✅ 淨值=6.9845  分配=0.0510  月配息 TWD 6,937  報酬率 8.76%
  [4/8] FRP4     ✅ 淨值=9.9000  分配=0.0670  月配息 TWD 6,429  報酬率 8.12%
  [5/8] DSP5     ✅ 淨值=8.6437  分配=0.0550  月配息 TWD 6,045  報酬率 7.64%
  [6/8] SCP6     ✅ 淨值=141.6116  分配=1.1841  月配息 TWD 7,943  報酬率 10.03%
  [7/8] ESC1     ✅ 淨值=8.3800  分配=0.0687  月配息 TWD 7,794  報酬率 9.84%
  [8/8] MLE24    ✅ 淨值=20.5800  分配=0.1375  月配息 TWD 6,347  報酬率 8.02%

🔒 瀏覽器已關閉

════════════════════════════════════════════════════════════════════════════
  📊 基金比較排行（依年化報酬率排序）
  保費 TWD 1,000,000　費用率 5%　匯率 31.4
════════════════════════════════════════════════════════════════════════════
  排名   基金名稱               淨值      分配金額     月配息(TWD)     年配息(TWD)      報酬率
  ──── ────────── ────────── ───────── ──────────── ──────────── ────────
  🥇    JFP11         74.6200    0.6930        8,823      105,872   11.14%
  🥈    SCP6         141.6116    1.1841        7,943       95,319   10.03%
  🥉    ESC1           8.3800    0.0687        7,794       93,525    9.84%
    4. ACC3           9.4800    0.0750        7,516       90,190    9.49%
    5. IGB5           6.9845    0.0510        6,937       83,241    8.76%
    6. FRP4           9.9000    0.0670        6,429       77,152    8.12%
    7. MLE24         20.5800    0.1375        6,347       76,166    8.02%
    8. DSP5           8.6437    0.0550        6,045       72,538    7.64%
════════════════════════════════════════════════════════════════════════════

  🏆 最佳選擇：JFP11
     每月可領 TWD 8,823　年化報酬率 11.14%
     vs 最低 DSP5：每月多 TWD 2,778

Traceback (most recent call last):
  File "/Users/mylove/Downloads/fubon-vcct-calculator-main/fubon_vcct_calculator.py", line 270, in <module>
    main()
    ~~~~^^
  File "/Users/mylove/Downloads/fubon-vcct-calculator-main/fubon_vcct_calculator.py", line 266, in main
    auto_update_web(results)
    ^^^^^^^^^^^^^^^
NameError: name 'auto_update_web' is not defined
完成
========================================
執行時間：2026-07-17 10:22:17
🌐 開始爬取並更新...
════════════════════════════════════════════════════════════
  富邦 VCCT 月配息計算器
════════════════════════════════════════════════════════════
  保費：TWD 1,000,000　費用率：5.0%　匯率：31.4
  共 8 檔基金待查詢
════════════════════════════════════════════════════════════

🌐 啟動瀏覽器...
  [1/8] JFP11    ✅ 淨值=74.6200  分配=0.6930  月配息 TWD 8,823  報酬率 11.14%
  [2/8] ACC3     ✅ 淨值=9.4800  分配=0.0750  月配息 TWD 7,516  報酬率 9.49%
  [3/8] IGB5     ✅ 淨值=6.9845  分配=0.0510  月配息 TWD 6,937  報酬率 8.76%
  [4/8] FRP4     ✅ 淨值=9.9000  分配=0.0670  月配息 TWD 6,429  報酬率 8.12%
  [5/8] DSP5     ✅ 淨值=8.6437  分配=0.0550  月配息 TWD 6,045  報酬率 7.64%
  [6/8] SCP6     ✅ 淨值=141.6116  分配=1.1841  月配息 TWD 7,943  報酬率 10.03%
  [7/8] ESC1     ✅ 淨值=8.3800  分配=0.0687  月配息 TWD 7,794  報酬率 9.84%
  [8/8] MLE24    ✅ 淨值=20.5800  分配=0.1375  月配息 TWD 6,347  報酬率 8.02%

🔒 瀏覽器已關閉

════════════════════════════════════════════════════════════════════════════
  📊 基金比較排行（依年化報酬率排序）
  保費 TWD 1,000,000　費用率 5%　匯率 31.4
════════════════════════════════════════════════════════════════════════════
  排名   基金名稱               淨值      分配金額     月配息(TWD)     年配息(TWD)      報酬率
  ──── ────────── ────────── ───────── ──────────── ──────────── ────────
  🥇    JFP11         74.6200    0.6930        8,823      105,872   11.14%
  🥈    SCP6         141.6116    1.1841        7,943       95,319   10.03%
  🥉    ESC1           8.3800    0.0687        7,794       93,525    9.84%
    4. ACC3           9.4800    0.0750        7,516       90,190    9.49%
    5. IGB5           6.9845    0.0510        6,937       83,241    8.76%
    6. FRP4           9.9000    0.0670        6,429       77,152    8.12%
    7. MLE24         20.5800    0.1375        6,347       76,166    8.02%
    8. DSP5           8.6437    0.0550        6,045       72,538    7.64%
════════════════════════════════════════════════════════════════════════════

  🏆 最佳選擇：JFP11
     每月可領 TWD 8,823　年化報酬率 11.14%
     vs 最低 DSP5：每月多 TWD 2,778

Traceback (most recent call last):
  File "/Users/mylove/Downloads/fubon-vcct-calculator-main/fubon_vcct_calculator.py", line 384, in <module>
    main()
    ~~~~^^
  File "/Users/mylove/Downloads/fubon-vcct-calculator-main/fubon_vcct_calculator.py", line 380, in main
    auto_update_web(results)
    ~~~~~~~~~~~~~~~^^^^^^^^^
  File "/Users/mylove/Downloads/fubon-vcct-calculator-main/fubon_vcct_calculator.py", line 294, in auto_update_web
    if not TOKEN:
           ^^^^^
UnboundLocalError: cannot access local variable 'TOKEN' where it is not associated with a value
完成
========================================
執行時間：2026-07-17 10:25:58
🌐 開始爬取並更新...
════════════════════════════════════════════════════════════
  富邦 VCCT 月配息計算器
════════════════════════════════════════════════════════════
  保費：TWD 1,000,000　費用率：5.0%　匯率：31.4
  共 8 檔基金待查詢
════════════════════════════════════════════════════════════

🌐 啟動瀏覽器...
  [1/8] JFP11    ✅ 淨值=74.6200  分配=0.6930  月配息 TWD 8,823  報酬率 11.14%
  [2/8] ACC3     ✅ 淨值=9.4800  分配=0.0750  月配息 TWD 7,516  報酬率 9.49%
  [3/8] IGB5     ✅ 淨值=6.9845  分配=0.0510  月配息 TWD 6,937  報酬率 8.76%
  [4/8] FRP4     ✅ 淨值=9.9000  分配=0.0670  月配息 TWD 6,429  報酬率 8.12%
  [5/8] DSP5     ✅ 淨值=8.6437  分配=0.0550  月配息 TWD 6,045  報酬率 7.64%
  [6/8] SCP6     ✅ 淨值=141.6116  分配=1.1841  月配息 TWD 7,943  報酬率 10.03%
  [7/8] ESC1     ✅ 淨值=8.3800  分配=0.0687  月配息 TWD 7,794  報酬率 9.84%
  [8/8] MLE24    ✅ 淨值=20.5800  分配=0.1375  月配息 TWD 6,347  報酬率 8.02%

🔒 瀏覽器已關閉

════════════════════════════════════════════════════════════════════════════
  📊 基金比較排行（依年化報酬率排序）
  保費 TWD 1,000,000　費用率 5%　匯率 31.4
════════════════════════════════════════════════════════════════════════════
  排名   基金名稱               淨值      分配金額     月配息(TWD)     年配息(TWD)      報酬率
  ──── ────────── ────────── ───────── ──────────── ──────────── ────────
  🥇    JFP11         74.6200    0.6930        8,823      105,872   11.14%
  🥈    SCP6         141.6116    1.1841        7,943       95,319   10.03%
  🥉    ESC1           8.3800    0.0687        7,794       93,525    9.84%
    4. ACC3           9.4800    0.0750        7,516       90,190    9.49%
    5. IGB5           6.9845    0.0510        6,937       83,241    8.76%
    6. FRP4           9.9000    0.0670        6,429       77,152    8.12%
    7. MLE24         20.5800    0.1375        6,347       76,166    8.02%
    8. DSP5           8.6437    0.0550        6,045       72,538    7.64%
════════════════════════════════════════════════════════════════════════════

  🏆 最佳選擇：JFP11
     每月可領 TWD 8,823　年化報酬率 11.14%
     vs 最低 DSP5：每月多 TWD 2,778


🌐 開始更新網頁...

  📄 fubon-vcct-calculator
Traceback (most recent call last):
  File "/Library/Frameworks/Python.framework/Versions/3.14/lib/python3.14/urllib/request.py", line 1321, in do_open
    h.request(req.get_method(), req.selector, req.data, headers,
    ~~~~~~~~~^^^^^^^^^^^^^^^^^^^^^^^^^^^^^^^^^^^^^^^^^^^^^^^^^^^
              encode_chunked=req.has_header('Transfer-encoding'))
              ^^^^^^^^^^^^^^^^^^^^^^^^^^^^^^^^^^^^^^^^^^^^^^^^^^^
  File "/Library/Frameworks/Python.framework/Versions/3.14/lib/python3.14/http/client.py", line 1367, in request
    self._send_request(method, url, body, headers, encode_chunked)
    ~~~~~~~~~~~~~~~~~~^^^^^^^^^^^^^^^^^^^^^^^^^^^^^^^^^^^^^^^^^^^^
  File "/Library/Frameworks/Python.framework/Versions/3.14/lib/python3.14/http/client.py", line 1413, in _send_request
    self.endheaders(body, encode_chunked=encode_chunked)
    ~~~~~~~~~~~~~~~^^^^^^^^^^^^^^^^^^^^^^^^^^^^^^^^^^^^^
  File "/Library/Frameworks/Python.framework/Versions/3.14/lib/python3.14/http/client.py", line 1362, in endheaders
    self._send_output(message_body, encode_chunked=encode_chunked)
    ~~~~~~~~~~~~~~~~~^^^^^^^^^^^^^^^^^^^^^^^^^^^^^^^^^^^^^^^^^^^^^
  File "/Library/Frameworks/Python.framework/Versions/3.14/lib/python3.14/http/client.py", line 1122, in _send_output
    self.send(msg)
    ~~~~~~~~~^^^^^
  File "/Library/Frameworks/Python.framework/Versions/3.14/lib/python3.14/http/client.py", line 1066, in send
    self.connect()
    ~~~~~~~~~~~~^^
  File "/Library/Frameworks/Python.framework/Versions/3.14/lib/python3.14/http/client.py", line 1508, in connect
    self.sock = self._context.wrap_socket(self.sock,
                ~~~~~~~~~~~~~~~~~~~~~~~~~^^^^^^^^^^^
                                          server_hostname=server_hostname)
                                          ^^^^^^^^^^^^^^^^^^^^^^^^^^^^^^^^
  File "/Library/Frameworks/Python.framework/Versions/3.14/lib/python3.14/ssl.py", line 455, in wrap_socket
    return self.sslsocket_class._create(
           ~~~~~~~~~~~~~~~~~~~~~~~~~~~~^
        sock=sock,
        ^^^^^^^^^^
    ...<5 lines>...
        session=session
        ^^^^^^^^^^^^^^^
    )
    ^
  File "/Library/Frameworks/Python.framework/Versions/3.14/lib/python3.14/ssl.py", line 1076, in _create
    self.do_handshake()
    ~~~~~~~~~~~~~~~~~^^
  File "/Library/Frameworks/Python.framework/Versions/3.14/lib/python3.14/ssl.py", line 1372, in do_handshake
    self._sslobj.do_handshake()
    ~~~~~~~~~~~~~~~~~~~~~~~~~^^
ssl.SSLCertVerificationError: [SSL: CERTIFICATE_VERIFY_FAILED] certificate verify failed: unable to get local issuer certificate (_ssl.c:1082)

During handling of the above exception, another exception occurred:

Traceback (most recent call last):
  File "/Users/mylove/Downloads/fubon-vcct-calculator-main/fubon_vcct_calculator.py", line 385, in <module>
    main()
    ~~~~^^
  File "/Users/mylove/Downloads/fubon-vcct-calculator-main/fubon_vcct_calculator.py", line 381, in main
    auto_update_web(results)
    ~~~~~~~~~~~~~~~^^^^^^^^^
  File "/Users/mylove/Downloads/fubon-vcct-calculator-main/fubon_vcct_calculator.py", line 317, in auto_update_web
    with urllib.request.urlopen(req) as resp:
         ~~~~~~~~~~~~~~~~~~~~~~^^^^^
  File "/Library/Frameworks/Python.framework/Versions/3.14/lib/python3.14/urllib/request.py", line 187, in urlopen
    return opener.open(url, data, timeout)
           ~~~~~~~~~~~^^^^^^^^^^^^^^^^^^^^
  File "/Library/Frameworks/Python.framework/Versions/3.14/lib/python3.14/urllib/request.py", line 487, in open
    response = self._open(req, data)
  File "/Library/Frameworks/Python.framework/Versions/3.14/lib/python3.14/urllib/request.py", line 504, in _open
    result = self._call_chain(self.handle_open, protocol, protocol +
                              '_open', req)
  File "/Library/Frameworks/Python.framework/Versions/3.14/lib/python3.14/urllib/request.py", line 464, in _call_chain
    result = func(*args)
  File "/Library/Frameworks/Python.framework/Versions/3.14/lib/python3.14/urllib/request.py", line 1369, in https_open
    return self.do_open(http.client.HTTPSConnection, req,
           ~~~~~~~~~~~~^^^^^^^^^^^^^^^^^^^^^^^^^^^^^^^^^^
                        context=self._context)
                        ^^^^^^^^^^^^^^^^^^^^^^
  File "/Library/Frameworks/Python.framework/Versions/3.14/lib/python3.14/urllib/request.py", line 1324, in do_open
    raise URLError(err)
urllib.error.URLError: <urlopen error [SSL: CERTIFICATE_VERIFY_FAILED] certificate verify failed: unable to get local issuer certificate (_ssl.c:1082)>
完成
========================================
執行時間：2026-07-17 10:31:27
🌐 開始爬取並更新...
════════════════════════════════════════════════════════════
  富邦 VCCT 月配息計算器
════════════════════════════════════════════════════════════
  保費：TWD 1,000,000　費用率：5.0%　匯率：31.4
  共 8 檔基金待查詢
════════════════════════════════════════════════════════════

🌐 啟動瀏覽器...
  [1/8] JFP11    ✅ 淨值=74.6200  分配=0.6930  月配息 TWD 8,823  報酬率 11.14%
  [2/8] ACC3     ✅ 淨值=9.4800  分配=0.0750  月配息 TWD 7,516  報酬率 9.49%
  [3/8] IGB5     ✅ 淨值=6.9845  分配=0.0510  月配息 TWD 6,937  報酬率 8.76%
  [4/8] FRP4     ✅ 淨值=9.9000  分配=0.0670  月配息 TWD 6,429  報酬率 8.12%
  [5/8] DSP5     ✅ 淨值=8.6437  分配=0.0550  月配息 TWD 6,045  報酬率 7.64%
  [6/8] SCP6     ✅ 淨值=141.6116  分配=1.1841  月配息 TWD 7,943  報酬率 10.03%
  [7/8] ESC1     ✅ 淨值=8.3800  分配=0.0687  月配息 TWD 7,794  報酬率 9.84%
  [8/8] MLE24    ✅ 淨值=20.5800  分配=0.1375  月配息 TWD 6,347  報酬率 8.02%

🔒 瀏覽器已關閉

════════════════════════════════════════════════════════════════════════════
  📊 基金比較排行（依年化報酬率排序）
  保費 TWD 1,000,000　費用率 5%　匯率 31.4
════════════════════════════════════════════════════════════════════════════
  排名   基金名稱               淨值      分配金額     月配息(TWD)     年配息(TWD)      報酬率
  ──── ────────── ────────── ───────── ──────────── ──────────── ────────
  🥇    JFP11         74.6200    0.6930        8,823      105,872   11.14%
  🥈    SCP6         141.6116    1.1841        7,943       95,319   10.03%
  🥉    ESC1           8.3800    0.0687        7,794       93,525    9.84%
    4. ACC3           9.4800    0.0750        7,516       90,190    9.49%
    5. IGB5           6.9845    0.0510        6,937       83,241    8.76%
    6. FRP4           9.9000    0.0670        6,429       77,152    8.12%
    7. MLE24         20.5800    0.1375        6,347       76,166    8.02%
    8. DSP5           8.6437    0.0550        6,045       72,538    7.64%
════════════════════════════════════════════════════════════════════════════

  🏆 最佳選擇：JFP11
     每月可領 TWD 8,823　年化報酬率 11.14%
     vs 最低 DSP5：每月多 TWD 2,778


🌐 開始更新網頁...

  📄 fubon-vcct-calculator
Traceback (most recent call last):
  File "/Library/Frameworks/Python.framework/Versions/3.14/lib/python3.14/urllib/request.py", line 1321, in do_open
    h.request(req.get_method(), req.selector, req.data, headers,
    ~~~~~~~~~^^^^^^^^^^^^^^^^^^^^^^^^^^^^^^^^^^^^^^^^^^^^^^^^^^^
              encode_chunked=req.has_header('Transfer-encoding'))
              ^^^^^^^^^^^^^^^^^^^^^^^^^^^^^^^^^^^^^^^^^^^^^^^^^^^
  File "/Library/Frameworks/Python.framework/Versions/3.14/lib/python3.14/http/client.py", line 1367, in request
    self._send_request(method, url, body, headers, encode_chunked)
    ~~~~~~~~~~~~~~~~~~^^^^^^^^^^^^^^^^^^^^^^^^^^^^^^^^^^^^^^^^^^^^
  File "/Library/Frameworks/Python.framework/Versions/3.14/lib/python3.14/http/client.py", line 1413, in _send_request
    self.endheaders(body, encode_chunked=encode_chunked)
    ~~~~~~~~~~~~~~~^^^^^^^^^^^^^^^^^^^^^^^^^^^^^^^^^^^^^
  File "/Library/Frameworks/Python.framework/Versions/3.14/lib/python3.14/http/client.py", line 1362, in endheaders
    self._send_output(message_body, encode_chunked=encode_chunked)
    ~~~~~~~~~~~~~~~~~^^^^^^^^^^^^^^^^^^^^^^^^^^^^^^^^^^^^^^^^^^^^^
  File "/Library/Frameworks/Python.framework/Versions/3.14/lib/python3.14/http/client.py", line 1122, in _send_output
    self.send(msg)
    ~~~~~~~~~^^^^^
  File "/Library/Frameworks/Python.framework/Versions/3.14/lib/python3.14/http/client.py", line 1066, in send
    self.connect()
    ~~~~~~~~~~~~^^
  File "/Library/Frameworks/Python.framework/Versions/3.14/lib/python3.14/http/client.py", line 1508, in connect
    self.sock = self._context.wrap_socket(self.sock,
                ~~~~~~~~~~~~~~~~~~~~~~~~~^^^^^^^^^^^
                                          server_hostname=server_hostname)
                                          ^^^^^^^^^^^^^^^^^^^^^^^^^^^^^^^^
  File "/Library/Frameworks/Python.framework/Versions/3.14/lib/python3.14/ssl.py", line 455, in wrap_socket
    return self.sslsocket_class._create(
           ~~~~~~~~~~~~~~~~~~~~~~~~~~~~^
        sock=sock,
        ^^^^^^^^^^
    ...<5 lines>...
        session=session
        ^^^^^^^^^^^^^^^
    )
    ^
  File "/Library/Frameworks/Python.framework/Versions/3.14/lib/python3.14/ssl.py", line 1076, in _create
    self.do_handshake()
    ~~~~~~~~~~~~~~~~~^^
  File "/Library/Frameworks/Python.framework/Versions/3.14/lib/python3.14/ssl.py", line 1372, in do_handshake
    self._sslobj.do_handshake()
    ~~~~~~~~~~~~~~~~~~~~~~~~~^^
ssl.SSLCertVerificationError: [SSL: CERTIFICATE_VERIFY_FAILED] certificate verify failed: unable to get local issuer certificate (_ssl.c:1082)

During handling of the above exception, another exception occurred:

Traceback (most recent call last):
  File "/Users/mylove/Downloads/fubon-vcct-calculator-main/fubon_vcct_calculator.py", line 387, in <module>
    main()
    ~~~~^^
  File "/Users/mylove/Downloads/fubon-vcct-calculator-main/fubon_vcct_calculator.py", line 383, in main
    auto_update_web(results)
    ~~~~~~~~~~~~~~~^^^^^^^^^
  File "/Users/mylove/Downloads/fubon-vcct-calculator-main/fubon_vcct_calculator.py", line 319, in auto_update_web
    with urllib.request.urlopen(req) as resp:
         ~~~~~~~~~~~~~~~~~~~~~~^^^^^
  File "/Library/Frameworks/Python.framework/Versions/3.14/lib/python3.14/urllib/request.py", line 187, in urlopen
    return opener.open(url, data, timeout)
           ~~~~~~~~~~~^^^^^^^^^^^^^^^^^^^^
  File "/Library/Frameworks/Python.framework/Versions/3.14/lib/python3.14/urllib/request.py", line 487, in open
    response = self._open(req, data)
  File "/Library/Frameworks/Python.framework/Versions/3.14/lib/python3.14/urllib/request.py", line 504, in _open
    result = self._call_chain(self.handle_open, protocol, protocol +
                              '_open', req)
  File "/Library/Frameworks/Python.framework/Versions/3.14/lib/python3.14/urllib/request.py", line 464, in _call_chain
    result = func(*args)
  File "/Library/Frameworks/Python.framework/Versions/3.14/lib/python3.14/urllib/request.py", line 1369, in https_open
    return self.do_open(http.client.HTTPSConnection, req,
           ~~~~~~~~~~~~^^^^^^^^^^^^^^^^^^^^^^^^^^^^^^^^^^
                        context=self._context)
                        ^^^^^^^^^^^^^^^^^^^^^^
  File "/Library/Frameworks/Python.framework/Versions/3.14/lib/python3.14/urllib/request.py", line 1324, in do_open
    raise URLError(err)
urllib.error.URLError: <urlopen error [SSL: CERTIFICATE_VERIFY_FAILED] certificate verify failed: unable to get local issuer certificate (_ssl.c:1082)>
完成
========================================
執行時間：2026-07-17 10:33:24
🌐 開始爬取並更新...
════════════════════════════════════════════════════════════
  富邦 VCCT 月配息計算器
════════════════════════════════════════════════════════════
  保費：TWD 1,000,000　費用率：5.0%　匯率：31.4
  共 8 檔基金待查詢
════════════════════════════════════════════════════════════

🌐 啟動瀏覽器...
  [1/8] JFP11    ✅ 淨值=74.6200  分配=0.6930  月配息 TWD 8,823  報酬率 11.14%
  [2/8] ACC3     ✅ 淨值=9.4800  分配=0.0750  月配息 TWD 7,516  報酬率 9.49%
  [3/8] IGB5     ✅ 淨值=6.9845  分配=0.0510  月配息 TWD 6,937  報酬率 8.76%
  [4/8] FRP4     ✅ 淨值=9.9000  分配=0.0670  月配息 TWD 6,429  報酬率 8.12%
  [5/8] DSP5     ✅ 淨值=8.6437  分配=0.0550  月配息 TWD 6,045  報酬率 7.64%
  [6/8] SCP6     ✅ 淨值=141.6116  分配=1.1841  月配息 TWD 7,943  報酬率 10.03%
  [7/8] ESC1     ✅ 淨值=8.3800  分配=0.0687  月配息 TWD 7,794  報酬率 9.84%
  [8/8] MLE24    ✅ 淨值=20.5800  分配=0.1375  月配息 TWD 6,347  報酬率 8.02%

🔒 瀏覽器已關閉

════════════════════════════════════════════════════════════════════════════
  📊 基金比較排行（依年化報酬率排序）
  保費 TWD 1,000,000　費用率 5%　匯率 31.4
════════════════════════════════════════════════════════════════════════════
  排名   基金名稱               淨值      分配金額     月配息(TWD)     年配息(TWD)      報酬率
  ──── ────────── ────────── ───────── ──────────── ──────────── ────────
  🥇    JFP11         74.6200    0.6930        8,823      105,872   11.14%
  🥈    SCP6         141.6116    1.1841        7,943       95,319   10.03%
  🥉    ESC1           8.3800    0.0687        7,794       93,525    9.84%
    4. ACC3           9.4800    0.0750        7,516       90,190    9.49%
    5. IGB5           6.9845    0.0510        6,937       83,241    8.76%
    6. FRP4           9.9000    0.0670        6,429       77,152    8.12%
    7. MLE24         20.5800    0.1375        6,347       76,166    8.02%
    8. DSP5           8.6437    0.0550        6,045       72,538    7.64%
════════════════════════════════════════════════════════════════════════════

  🏆 最佳選擇：JFP11
     每月可領 TWD 8,823　年化報酬率 11.14%
     vs 最低 DSP5：每月多 TWD 2,778


🌐 開始更新網頁...

  📄 fubon-vcct-calculator
  ✅ JFP11：淨值=74.62，分配=0.693
  ✅ ACC3：淨值=9.48，分配=0.075
  ⚠️  IGB5：找不到對應欄位，略過
  ✅ FRP4：淨值=9.9，分配=0.067
  ✅ DSP5：淨值=8.6437，分配=0.055
  ⚠️  SCP6：找不到對應欄位，略過
  ⚠️  ESC1：找不到對應欄位，略過
  ⚠️  MLE24：找不到對應欄位，略過
  ✅ fubon-vcct-calculator 推送成功

  📄 fubon-calculator
  ✅ JFP11：淨值=74.62，分配=0.693
  ✅ ACC3：淨值=9.48，分配=0.075
  ✅ IGB5：淨值=6.9845，分配=0.051
  ✅ FRP4：淨值=9.9，分配=0.067
  ✅ DSP5：淨值=8.6437，分配=0.055
  ✅ SCP6：淨值=141.6116，分配=1.184059
  ✅ ESC1：淨值=8.38，分配=0.068749
  ✅ MLE24：淨值=20.58，分配=0.1375
  ✅ fubon-calculator 推送成功

✅ 網頁更新完成！
完成
========================================
執行時間：2026-07-20 09:26:11
🌐 開始爬取並更新...
════════════════════════════════════════════════════════════
  富邦 VCCT 月配息計算器
════════════════════════════════════════════════════════════
  保費：TWD 1,000,000　費用率：5.0%　匯率：31.4
  共 8 檔基金待查詢
════════════════════════════════════════════════════════════

🌐 啟動瀏覽器...
  [1/8] JFP11    ✅ 淨值=74.3400  分配=0.6930  月配息 TWD 8,856  報酬率 11.19%
  [2/8] ACC3     ✅ 淨值=9.4300  分配=0.0750  月配息 TWD 7,556  報酬率 9.54%
  [3/8] IGB5     ✅ 淨值=7.0009  分配=0.0510  月配息 TWD 6,921  報酬率 8.74%
  [4/8] FRP4     ✅ 淨值=9.8800  分配=0.0670  月配息 TWD 6,442  報酬率 8.14%
  [5/8] DSP5     ✅ 淨值=8.5613  分配=0.0550  月配息 TWD 6,103  報酬率 7.71%
  [6/8] SCP6     ✅ 淨值=141.6116  分配=1.1841  月配息 TWD 7,943  報酬率 10.03%
  [7/8] ESC1     ✅ 淨值=8.3500  分配=0.0687  月配息 TWD 7,822  報酬率 9.88%
  [8/8] MLE24    ✅ 淨值=19.8500  分配=0.1375  月配息 TWD 6,581  報酬率 8.31%

🔒 瀏覽器已關閉

════════════════════════════════════════════════════════════════════════════
  📊 基金比較排行（依年化報酬率排序）
  保費 TWD 1,000,000　費用率 5%　匯率 31.4
════════════════════════════════════════════════════════════════════════════
  排名   基金名稱               淨值      分配金額     月配息(TWD)     年配息(TWD)      報酬率
  ──── ────────── ────────── ───────── ──────────── ──────────── ────────
  🥇    JFP11         74.3400    0.6930        8,856      106,271   11.19%
  🥈    SCP6         141.6116    1.1841        7,943       95,319   10.03%
  🥉    ESC1           8.3500    0.0687        7,822       93,861    9.88%
    4. ACC3           9.4300    0.0750        7,556       90,668    9.54%
    5. IGB5           7.0009    0.0510        6,921       83,046    8.74%
    6. MLE24         19.8500    0.1375        6,581       78,967    8.31%
    7. FRP4           9.8800    0.0670        6,442       77,308    8.14%
    8. DSP5           8.5613    0.0550        6,103       73,237    7.71%
════════════════════════════════════════════════════════════════════════════

  🏆 最佳選擇：JFP11
     每月可領 TWD 8,856　年化報酬率 11.19%
     vs 最低 DSP5：每月多 TWD 2,753


🌐 開始更新網頁...

  📄 fubon-vcct-calculator
  ✅ JFP11：淨值=74.34，分配=0.693
  ✅ ACC3：淨值=9.43，分配=0.075
  ⚠️  IGB5：找不到對應欄位，略過
  ✅ FRP4：淨值=9.88，分配=0.067
  ✅ DSP5：淨值=8.5613，分配=0.055
  ⚠️  SCP6：找不到對應欄位，略過
  ⚠️  ESC1：找不到對應欄位，略過
  ⚠️  MLE24：找不到對應欄位，略過
  ✅ fubon-vcct-calculator 推送成功

  📄 fubon-calculator
  ✅ JFP11：淨值=74.34，分配=0.693
  ✅ ACC3：淨值=9.43，分配=0.075
  ✅ IGB5：淨值=7.0009，分配=0.051
  ✅ FRP4：淨值=9.88，分配=0.067
  ✅ DSP5：淨值=8.5613，分配=0.055
  ⚠️  SCP6：找不到對應欄位，略過
  ✅ ESC1：淨值=8.35，分配=0.068749
  ✅ MLE24：淨值=19.85，分配=0.1375
  ✅ fubon-calculator 推送成功

✅ 網頁更新完成！
完成
========================================
執行時間：2026-07-20 09:37:24
🌐 開始爬取並更新...
════════════════════════════════════════════════════════════
  富邦 VCCT 月配息計算器
════════════════════════════════════════════════════════════
  保費：TWD 1,000,000　費用率：5.0%　匯率：31.4
  共 8 檔基金待查詢
════════════════════════════════════════════════════════════

🌐 啟動瀏覽器...
  [1/8] JFP11    ✅ 淨值=74.3400  分配=0.6930  月配息 TWD 8,856  報酬率 11.19%
  [2/8] ACC3     ✅ 淨值=9.4300  分配=0.0750  月配息 TWD 7,556  報酬率 9.54%
  [3/8] IGB5     ✅ 淨值=7.0009  分配=0.0510  月配息 TWD 6,921  報酬率 8.74%
  [4/8] FRP4     ✅ 淨值=9.8800  分配=0.0670  月配息 TWD 6,442  報酬率 8.14%
  [5/8] DSP5     ✅ 淨值=8.5613  分配=0.0550  月配息 TWD 6,103  報酬率 7.71%
  [6/8] SCP6     ✅ 淨值=141.6116  分配=1.1841  月配息 TWD 7,943  報酬率 10.03%
  [7/8] ESC1     ✅ 淨值=8.3500  分配=0.0687  月配息 TWD 7,822  報酬率 9.88%
  [8/8] MLE24    ✅ 淨值=19.8500  分配=0.1375  月配息 TWD 6,581  報酬率 8.31%

🔒 瀏覽器已關閉

════════════════════════════════════════════════════════════════════════════
  📊 基金比較排行（依年化報酬率排序）
  保費 TWD 1,000,000　費用率 5%　匯率 31.4
════════════════════════════════════════════════════════════════════════════
  排名   基金名稱               淨值      分配金額     月配息(TWD)     年配息(TWD)      報酬率
  ──── ────────── ────────── ───────── ──────────── ──────────── ────────
  🥇    JFP11         74.3400    0.6930        8,856      106,271   11.19%
  🥈    SCP6         141.6116    1.1841        7,943       95,319   10.03%
  🥉    ESC1           8.3500    0.0687        7,822       93,861    9.88%
    4. ACC3           9.4300    0.0750        7,556       90,668    9.54%
    5. IGB5           7.0009    0.0510        6,921       83,046    8.74%
    6. MLE24         19.8500    0.1375        6,581       78,967    8.31%
    7. FRP4           9.8800    0.0670        6,442       77,308    8.14%
    8. DSP5           8.5613    0.0550        6,103       73,237    7.71%
════════════════════════════════════════════════════════════════════════════

  🏆 最佳選擇：JFP11
     每月可領 TWD 8,856　年化報酬率 11.19%
     vs 最低 DSP5：每月多 TWD 2,753


🌐 開始更新網頁...

  📄 fubon-vcct-calculator
  ⚠️  JFP11：找不到對應欄位，略過
  ⚠️  ACC3：找不到對應欄位，略過
  ⚠️  IGB5：找不到對應欄位，略過
  ⚠️  FRP4：找不到對應欄位，略過
  ⚠️  DSP5：找不到對應欄位，略過
  ⚠️  SCP6：找不到對應欄位，略過
  ⚠️  ESC1：找不到對應欄位，略過
  ⚠️  MLE24：找不到對應欄位，略過
  ℹ️  fubon-vcct-calculator 無變動，略過

  📄 fubon-calculator
  ⚠️  JFP11：找不到對應欄位，略過
  ⚠️  ACC3：找不到對應欄位，略過
  ⚠️  IGB5：找不到對應欄位，略過
  ⚠️  FRP4：找不到對應欄位，略過
  ⚠️  DSP5：找不到對應欄位，略過
  ⚠️  SCP6：找不到對應欄位，略過
  ⚠️  ESC1：找不到對應欄位，略過
  ⚠️  MLE24：找不到對應欄位，略過
  ℹ️  fubon-calculator 無變動，略過

✅ 網頁更新完成！
完成
========================================
執行時間：2026-07-20 09:38:29
🌐 開始爬取並更新...
════════════════════════════════════════════════════════════
  富邦 VCCT 月配息計算器
════════════════════════════════════════════════════════════
  保費：TWD 1,000,000　費用率：5.0%　匯率：31.4
  共 8 檔基金待查詢
════════════════════════════════════════════════════════════

🌐 啟動瀏覽器...
  [1/8] JFP11    ✅ 淨值=74.3400  分配=0.6930  月配息 TWD 8,856  報酬率 11.19%
  [2/8] ACC3     ✅ 淨值=9.4300  分配=0.0750  月配息 TWD 7,556  報酬率 9.54%
  [3/8] IGB5     ✅ 淨值=7.0009  分配=0.0510  月配息 TWD 6,921  報酬率 8.74%
  [4/8] FRP4     ✅ 淨值=9.8800  分配=0.0670  月配息 TWD 6,442  報酬率 8.14%
  [5/8] DSP5     ✅ 淨值=8.5613  分配=0.0550  月配息 TWD 6,103  報酬率 7.71%
  [6/8] SCP6     ✅ 淨值=141.6116  分配=1.1841  月配息 TWD 7,943  報酬率 10.03%
  [7/8] ESC1     ✅ 淨值=8.3500  分配=0.0687  月配息 TWD 7,822  報酬率 9.88%
  [8/8] MLE24    ✅ 淨值=19.8500  分配=0.1375  月配息 TWD 6,581  報酬率 8.31%

🔒 瀏覽器已關閉

════════════════════════════════════════════════════════════════════════════
  📊 基金比較排行（依年化報酬率排序）
  保費 TWD 1,000,000　費用率 5%　匯率 31.4
════════════════════════════════════════════════════════════════════════════
  排名   基金名稱               淨值      分配金額     月配息(TWD)     年配息(TWD)      報酬率
  ──── ────────── ────────── ───────── ──────────── ──────────── ────────
  🥇    JFP11         74.3400    0.6930        8,856      106,271   11.19%
  🥈    SCP6         141.6116    1.1841        7,943       95,319   10.03%
  🥉    ESC1           8.3500    0.0687        7,822       93,861    9.88%
    4. ACC3           9.4300    0.0750        7,556       90,668    9.54%
    5. IGB5           7.0009    0.0510        6,921       83,046    8.74%
    6. MLE24         19.8500    0.1375        6,581       78,967    8.31%
    7. FRP4           9.8800    0.0670        6,442       77,308    8.14%
    8. DSP5           8.5613    0.0550        6,103       73,237    7.71%
════════════════════════════════════════════════════════════════════════════

  🏆 最佳選擇：JFP11
     每月可領 TWD 8,856　年化報酬率 11.19%
     vs 最低 DSP5：每月多 TWD 2,753


🌐 開始更新網頁...

  📄 fubon-vcct-calculator
  ⚠️  JFP11：找不到對應欄位，略過
  ⚠️  ACC3：找不到對應欄位，略過
  ⚠️  IGB5：找不到對應欄位，略過
  ⚠️  FRP4：找不到對應欄位，略過
  ⚠️  DSP5：找不到對應欄位，略過
  ⚠️  SCP6：找不到對應欄位，略過
  ⚠️  ESC1：找不到對應欄位，略過
  ⚠️  MLE24：找不到對應欄位，略過
  ℹ️  fubon-vcct-calculator 無變動，略過

  📄 fubon-calculator
  ⚠️  JFP11：找不到對應欄位，略過
  ⚠️  ACC3：找不到對應欄位，略過
  ⚠️  IGB5：找不到對應欄位，略過
  ⚠️  FRP4：找不到對應欄位，略過
  ⚠️  DSP5：找不到對應欄位，略過
  ⚠️  SCP6：找不到對應欄位，略過
  ⚠️  ESC1：找不到對應欄位，略過
  ⚠️  MLE24：找不到對應欄位，略過
  ℹ️  fubon-calculator 無變動，略過

✅ 網頁更新完成！
完成
========================================
執行時間：2026-07-21 11:35:35
🌐 開始爬取並更新...
════════════════════════════════════════════════════════════
  富邦 VCCT 月配息計算器
════════════════════════════════════════════════════════════
  保費：TWD 1,000,000　費用率：5.0%　匯率：31.4
  共 8 檔基金待查詢
════════════════════════════════════════════════════════════

🌐 啟動瀏覽器...
  [1/8] JFP11    ✅ 淨值=74.3800  分配=0.6930  月配息 TWD 8,851  報酬率 11.18%
  [2/8] ACC3     ✅ 淨值=9.3600  分配=0.0750  月配息 TWD 7,612  報酬率 9.62%
  [3/8] IGB5     ✅ 淨值=6.9885  分配=0.0510  月配息 TWD 6,933  報酬率 8.76%
  [4/8] FRP4     ✅ 淨值=9.8500  分配=0.0670  月配息 TWD 6,462  報酬率 8.16%
  [5/8] DSP5     ✅ 淨值=8.6280  分配=0.0550  月配息 TWD 6,056  報酬率 7.65%
  [6/8] SCP6     ✅ 淨值=140.5136  分配=1.1841  月配息 TWD 8,005  報酬率 10.11%
  [7/8] ESC1     ✅ 淨值=8.2800  分配=0.0687  月配息 TWD 7,888  報酬率 9.96%
  [8/8] MLE24    ✅ 淨值=20.3400  分配=0.1375  月配息 TWD 6,422  報酬率 8.11%

🔒 瀏覽器已關閉

════════════════════════════════════════════════════════════════════════════
  📊 基金比較排行（依年化報酬率排序）
  保費 TWD 1,000,000　費用率 5%　匯率 31.4
════════════════════════════════════════════════════════════════════════════
  排名   基金名稱               淨值      分配金額     月配息(TWD)     年配息(TWD)      報酬率
  ──── ────────── ────────── ───────── ──────────── ──────────── ────────
  🥇    JFP11         74.3800    0.6930        8,851      106,214   11.18%
  🥈    SCP6         140.5136    1.1841        8,005       96,064   10.11%
  🥉    ESC1           8.2800    0.0687        7,888       94,654    9.96%
    4. ACC3           9.3600    0.0750        7,612       91,346    9.62%
    5. IGB5           6.9885    0.0510        6,933       83,194    8.76%
    6. FRP4           9.8500    0.0670        6,462       77,543    8.16%
    7. MLE24         20.3400    0.1375        6,422       77,065    8.11%
    8. DSP5           8.6280    0.0550        6,056       72,670    7.65%
════════════════════════════════════════════════════════════════════════════

  🏆 最佳選擇：JFP11
     每月可領 TWD 8,851　年化報酬率 11.18%
     vs 最低 DSP5：每月多 TWD 2,795

Traceback (most recent call last):
  File "/Users/mylove/Downloads/fubon-vcct-calculator-main/fubon_vcct_calculator.py", line 384, in <module>
    main()
    ~~~~^^
  File "/Users/mylove/Downloads/fubon-vcct-calculator-main/fubon_vcct_calculator.py", line 380, in main
    auto_update_web(results)
    ~~~~~~~~~~~~~~~^^^^^^^^^
  File "/Users/mylove/Downloads/fubon-vcct-calculator-main/fubon_vcct_calculator.py", line 294, in auto_update_web
    if not TOKEN:
           ^^^^^
UnboundLocalError: cannot access local variable 'TOKEN' where it is not associated with a value
完成
========================================
執行時間：2026-07-21 11:37:13
🌐 開始爬取並更新...
════════════════════════════════════════════════════════════
  富邦 VCCT 月配息計算器
════════════════════════════════════════════════════════════
  保費：TWD 1,000,000　費用率：5.0%　匯率：31.4
  共 8 檔基金待查詢
════════════════════════════════════════════════════════════

🌐 啟動瀏覽器...
  [1/8] JFP11    ✅ 淨值=74.3800  分配=0.6930  月配息 TWD 8,851  報酬率 11.18%
  [2/8] ACC3     ✅ 淨值=9.3600  分配=0.0750  月配息 TWD 7,612  報酬率 9.62%
  [3/8] IGB5     ✅ 淨值=6.9885  分配=0.0510  月配息 TWD 6,933  報酬率 8.76%
  [4/8] FRP4     ✅ 淨值=9.8500  分配=0.0670  月配息 TWD 6,462  報酬率 8.16%
  [5/8] DSP5     ✅ 淨值=8.6280  分配=0.0550  月配息 TWD 6,056  報酬率 7.65%
  [6/8] SCP6     ✅ 淨值=140.5136  分配=1.1841  月配息 TWD 8,005  報酬率 10.11%
  [7/8] ESC1     ✅ 淨值=8.2800  分配=0.0687  月配息 TWD 7,888  報酬率 9.96%
  [8/8] MLE24    ✅ 淨值=20.3400  分配=0.1375  月配息 TWD 6,422  報酬率 8.11%

🔒 瀏覽器已關閉

════════════════════════════════════════════════════════════════════════════
  📊 基金比較排行（依年化報酬率排序）
  保費 TWD 1,000,000　費用率 5%　匯率 31.4
════════════════════════════════════════════════════════════════════════════
  排名   基金名稱               淨值      分配金額     月配息(TWD)     年配息(TWD)      報酬率
  ──── ────────── ────────── ───────── ──────────── ──────────── ────────
  🥇    JFP11         74.3800    0.6930        8,851      106,214   11.18%
  🥈    SCP6         140.5136    1.1841        8,005       96,064   10.11%
  🥉    ESC1           8.2800    0.0687        7,888       94,654    9.96%
    4. ACC3           9.3600    0.0750        7,612       91,346    9.62%
    5. IGB5           6.9885    0.0510        6,933       83,194    8.76%
    6. FRP4           9.8500    0.0670        6,462       77,543    8.16%
    7. MLE24         20.3400    0.1375        6,422       77,065    8.11%
    8. DSP5           8.6280    0.0550        6,056       72,670    7.65%
════════════════════════════════════════════════════════════════════════════

  🏆 最佳選擇：JFP11
     每月可領 TWD 8,851　年化報酬率 11.18%
     vs 最低 DSP5：每月多 TWD 2,795


🌐 開始更新網頁...

  📄 fubon-vcct-calculator
  ✅ JFP11：淨值=74.38，分配=0.693
  ✅ ACC3：淨值=9.36，分配=0.075
  ⚠️  IGB5：找不到對應欄位，略過
  ✅ FRP4：淨值=9.85，分配=0.067
  ✅ DSP5：淨值=8.628，分配=0.055
  ⚠️  SCP6：找不到對應欄位，略過
  ⚠️  ESC1：找不到對應欄位，略過
  ⚠️  MLE24：找不到對應欄位，略過
  ✅ fubon-vcct-calculator 推送成功

  📄 fubon-calculator
  ✅ JFP11：淨值=74.38，分配=0.693
  ✅ ACC3：淨值=9.36，分配=0.075
  ✅ IGB5：淨值=6.9885，分配=0.051
  ✅ FRP4：淨值=9.85，分配=0.067
  ✅ DSP5：淨值=8.628，分配=0.055
  ✅ SCP6：淨值=140.5136，分配=1.184059
  ✅ ESC1：淨值=8.28，分配=0.068749
  ✅ MLE24：淨值=20.34，分配=0.1375
  ✅ fubon-calculator 推送成功

✅ 網頁更新完成！
完成
========================================
執行時間：2026-07-24 16:27:35
🌐 開始爬取並更新...
════════════════════════════════════════════════════════════
  富邦 VCCT 月配息計算器
════════════════════════════════════════════════════════════
  保費：TWD 1,000,000　費用率：5.0%　匯率：31.4
  共 8 檔基金待查詢
════════════════════════════════════════════════════════════

🌐 啟動瀏覽器...
  [1/8] JFP11    ✅ 淨值=74.3800  分配=0.6930  月配息 TWD 8,851  報酬率 11.18%
  [2/8] ACC3     ✅ 淨值=9.3500  分配=0.0750  月配息 TWD 7,620  報酬率 9.63%
  [3/8] IGB5     ✅ 淨值=6.9564  分配=0.0510  月配息 TWD 6,965  報酬率 8.80%
  [4/8] FRP4     ✅ 淨值=9.8100  分配=0.0670  月配息 TWD 6,488  報酬率 8.20%
  [5/8] DSP5     ✅ 淨值=8.6306  分配=0.0550  月配息 TWD 6,054  報酬率 7.65%
  [6/8] SCP6     ✅ 淨值=141.7407  分配=1.1841  月配息 TWD 7,936  報酬率 10.02%
  [7/8] ESC1     ✅ 淨值=8.3300  分配=0.0687  月配息 TWD 7,841  報酬率 9.90%
  [8/8] MLE24    ✅ 淨值=20.7800  分配=0.1375  月配息 TWD 6,286  報酬率 7.94%

🔒 瀏覽器已關閉

════════════════════════════════════════════════════════════════════════════
  📊 基金比較排行（依年化報酬率排序）
  保費 TWD 1,000,000　費用率 5%　匯率 31.4
════════════════════════════════════════════════════════════════════════════
  排名   基金名稱               淨值      分配金額     月配息(TWD)     年配息(TWD)      報酬率
  ──── ────────── ────────── ───────── ──────────── ──────────── ────────
  🥇    JFP11         74.3800    0.6930        8,851      106,214   11.18%
  🥈    SCP6         141.7407    1.1841        7,936       95,232   10.02%
  🥉    ESC1           8.3300    0.0687        7,841       94,086    9.90%
    4. ACC3           9.3500    0.0750        7,620       91,444    9.63%
    5. IGB5           6.9564    0.0510        6,965       83,578    8.80%
    6. FRP4           9.8100    0.0670        6,488       77,859    8.20%
    7. MLE24         20.7800    0.1375        6,286       75,433    7.94%
    8. DSP5           8.6306    0.0550        6,054       72,648    7.65%
════════════════════════════════════════════════════════════════════════════

  🏆 最佳選擇：JFP11
     每月可領 TWD 8,851　年化報酬率 11.18%
     vs 最低 DSP5：每月多 TWD 2,797


🌐 開始更新網頁...

  📄 fubon-vcct-calculator
  ⚠️  JFP11：找不到對應欄位，略過
  ✅ ACC3：淨值=9.35，分配=0.075
  ⚠️  IGB5：找不到對應欄位，略過
  ✅ FRP4：淨值=9.81，分配=0.067
  ✅ DSP5：淨值=8.6306，分配=0.055
  ⚠️  SCP6：找不到對應欄位，略過
  ⚠️  ESC1：找不到對應欄位，略過
  ⚠️  MLE24：找不到對應欄位，略過
  ✅ fubon-vcct-calculator 推送成功

  📄 fubon-calculator
  ⚠️  JFP11：找不到對應欄位，略過
  ✅ ACC3：淨值=9.35，分配=0.075
  ✅ IGB5：淨值=6.9564，分配=0.051
  ✅ FRP4：淨值=9.81，分配=0.067
  ✅ DSP5：淨值=8.6306，分配=0.055
  ✅ SCP6：淨值=141.7407，分配=1.184059
  ✅ ESC1：淨值=8.33，分配=0.068749
  ✅ MLE24：淨值=20.78，分配=0.1375
  ✅ fubon-calculator 推送成功

✅ 網頁更新完成！
完成
========================================
執行時間：2026-07-24 16:29:24
🌐 開始爬取並更新...
════════════════════════════════════════════════════════════
  富邦 VCCT 月配息計算器
════════════════════════════════════════════════════════════
  保費：TWD 1,000,000　費用率：5.0%　匯率：31.4
  共 8 檔基金待查詢
════════════════════════════════════════════════════════════

🌐 啟動瀏覽器...
  [1/8] JFP11    ✅ 淨值=74.3800  分配=0.6930  月配息 TWD 8,851  報酬率 11.18%
  [2/8] ACC3     ✅ 淨值=9.3500  分配=0.0750  月配息 TWD 7,620  報酬率 9.63%
  [3/8] IGB5     ✅ 淨值=6.9564  分配=0.0510  月配息 TWD 6,965  報酬率 8.80%
  [4/8] FRP4     ✅ 淨值=9.8100  分配=0.0670  月配息 TWD 6,488  報酬率 8.20%
  [5/8] DSP5     ✅ 淨值=8.6306  分配=0.0550  月配息 TWD 6,054  報酬率 7.65%
  [6/8] SCP6     ✅ 淨值=141.7407  分配=1.1841  月配息 TWD 7,936  報酬率 10.02%
  [7/8] ESC1     ✅ 淨值=8.3300  分配=0.0687  月配息 TWD 7,841  報酬率 9.90%
  [8/8] MLE24    ✅ 淨值=20.7800  分配=0.1375  月配息 TWD 6,286  報酬率 7.94%

🔒 瀏覽器已關閉

════════════════════════════════════════════════════════════════════════════
  📊 基金比較排行（依年化報酬率排序）
  保費 TWD 1,000,000　費用率 5%　匯率 31.4
════════════════════════════════════════════════════════════════════════════
  排名   基金名稱               淨值      分配金額     月配息(TWD)     年配息(TWD)      報酬率
  ──── ────────── ────────── ───────── ──────────── ──────────── ────────
  🥇    JFP11         74.3800    0.6930        8,851      106,214   11.18%
  🥈    SCP6         141.7407    1.1841        7,936       95,232   10.02%
  🥉    ESC1           8.3300    0.0687        7,841       94,086    9.90%
    4. ACC3           9.3500    0.0750        7,620       91,444    9.63%
    5. IGB5           6.9564    0.0510        6,965       83,578    8.80%
    6. FRP4           9.8100    0.0670        6,488       77,859    8.20%
    7. MLE24         20.7800    0.1375        6,286       75,433    7.94%
    8. DSP5           8.6306    0.0550        6,054       72,648    7.65%
════════════════════════════════════════════════════════════════════════════

  🏆 最佳選擇：JFP11
     每月可領 TWD 8,851　年化報酬率 11.18%
     vs 最低 DSP5：每月多 TWD 2,797


🌐 開始更新網頁...

  📄 fubon-vcct-calculator
  ⚠️  JFP11：找不到對應欄位，略過
  ⚠️  ACC3：找不到對應欄位，略過
  ⚠️  IGB5：找不到對應欄位，略過
  ⚠️  FRP4：找不到對應欄位，略過
  ⚠️  DSP5：找不到對應欄位，略過
  ⚠️  SCP6：找不到對應欄位，略過
  ⚠️  ESC1：找不到對應欄位，略過
  ⚠️  MLE24：找不到對應欄位，略過
  ℹ️  fubon-vcct-calculator 無變動，略過

  📄 fubon-calculator
  ⚠️  JFP11：找不到對應欄位，略過
  ⚠️  ACC3：找不到對應欄位，略過
  ⚠️  IGB5：找不到對應欄位，略過
  ⚠️  FRP4：找不到對應欄位，略過
  ⚠️  DSP5：找不到對應欄位，略過
  ⚠️  SCP6：找不到對應欄位，略過
  ⚠️  ESC1：找不到對應欄位，略過
  ⚠️  MLE24：找不到對應欄位，略過
  ℹ️  fubon-calculator 無變動，略過

✅ 網頁更新完成！
完成
========================================
執行時間：2026-07-24 16:38:42
🌐 開始爬取並更新...
════════════════════════════════════════════════════════════
  富邦 VCCT 月配息計算器
════════════════════════════════════════════════════════════
  保費：TWD 1,000,000　費用率：5.0%　匯率：31.4
  共 8 檔基金待查詢
════════════════════════════════════════════════════════════

🌐 啟動瀏覽器...
  [1/8] JFP11    ✅ 淨值=74.3800  分配=0.6930  月配息 TWD 8,851  報酬率 11.18%
  [2/8] ACC3     ✅ 淨值=9.3500  分配=0.0750  月配息 TWD 7,620  報酬率 9.63%
  [3/8] IGB5     ✅ 淨值=6.9564  分配=0.0510  月配息 TWD 6,965  報酬率 8.80%
  [4/8] FRP4     ✅ 淨值=9.8100  分配=0.0670  月配息 TWD 6,488  報酬率 8.20%
  [5/8] DSP5     ✅ 淨值=8.6306  分配=0.0550  月配息 TWD 6,054  報酬率 7.65%
  [6/8] SCP6     ✅ 淨值=141.7407  分配=1.1841  月配息 TWD 7,936  報酬率 10.02%
  [7/8] ESC1     ✅ 淨值=8.3300  分配=0.0687  月配息 TWD 7,841  報酬率 9.90%
  [8/8] MLE24    ✅ 淨值=20.7800  分配=0.1375  月配息 TWD 6,286  報酬率 7.94%

🔒 瀏覽器已關閉

════════════════════════════════════════════════════════════════════════════
  📊 基金比較排行（依年化報酬率排序）
  保費 TWD 1,000,000　費用率 5%　匯率 31.4
════════════════════════════════════════════════════════════════════════════
  排名   基金名稱               淨值      分配金額     月配息(TWD)     年配息(TWD)      報酬率
  ──── ────────── ────────── ───────── ──────────── ──────────── ────────
  🥇    JFP11         74.3800    0.6930        8,851      106,214   11.18%
  🥈    SCP6         141.7407    1.1841        7,936       95,232   10.02%
  🥉    ESC1           8.3300    0.0687        7,841       94,086    9.90%
    4. ACC3           9.3500    0.0750        7,620       91,444    9.63%
    5. IGB5           6.9564    0.0510        6,965       83,578    8.80%
    6. FRP4           9.8100    0.0670        6,488       77,859    8.20%
    7. MLE24         20.7800    0.1375        6,286       75,433    7.94%
    8. DSP5           8.6306    0.0550        6,054       72,648    7.65%
════════════════════════════════════════════════════════════════════════════

  🏆 最佳選擇：JFP11
     每月可領 TWD 8,851　年化報酬率 11.18%
     vs 最低 DSP5：每月多 TWD 2,797

Traceback (most recent call last):
  File "/Users/mylove/Downloads/fubon-vcct-calculator-main/fubon_vcct_calculator.py", line 384, in <module>
    main()
    ~~~~^^
  File "/Users/mylove/Downloads/fubon-vcct-calculator-main/fubon_vcct_calculator.py", line 380, in main
    auto_update_web(results)
    ~~~~~~~~~~~~~~~^^^^^^^^^
  File "/Users/mylove/Downloads/fubon-vcct-calculator-main/fubon_vcct_calculator.py", line 294, in auto_update_web
    if not TOKEN:
           ^^^^^
UnboundLocalError: cannot access local variable 'TOKEN' where it is not associated with a value
完成
========================================
執行時間：2026-07-24 17:04:17
🌐 開始爬取並更新...
════════════════════════════════════════════════════════════
  富邦 VCCT 月配息計算器
════════════════════════════════════════════════════════════
  保費：TWD 1,000,000　費用率：5.0%　匯率：31.4
  共 8 檔基金待查詢
════════════════════════════════════════════════════════════

🌐 啟動瀏覽器...
  [1/8] JFP11    ✅ 淨值=74.3800  分配=0.6930  月配息 TWD 8,851  報酬率 11.18%
  [2/8] ACC3     ✅ 淨值=9.3500  分配=0.0750  月配息 TWD 7,620  報酬率 9.63%
  [3/8] IGB5     ✅ 淨值=6.9564  分配=0.0510  月配息 TWD 6,965  報酬率 8.80%
  [4/8] FRP4     ✅ 淨值=9.8100  分配=0.0670  月配息 TWD 6,488  報酬率 8.20%
  [5/8] DSP5     ✅ 淨值=8.6306  分配=0.0550  月配息 TWD 6,054  報酬率 7.65%
  [6/8] SCP6     ✅ 淨值=141.7407  分配=1.1841  月配息 TWD 7,936  報酬率 10.02%
  [7/8] ESC1     ✅ 淨值=8.2900  分配=0.0687  月配息 TWD 7,878  報酬率 9.95%
  [8/8] MLE24    ✅ 淨值=20.7800  分配=0.1375  月配息 TWD 6,286  報酬率 7.94%

🔒 瀏覽器已關閉

════════════════════════════════════════════════════════════════════════════
  📊 基金比較排行（依年化報酬率排序）
  保費 TWD 1,000,000　費用率 5%　匯率 31.4
════════════════════════════════════════════════════════════════════════════
  排名   基金名稱               淨值      分配金額     月配息(TWD)     年配息(TWD)      報酬率
  ──── ────────── ────────── ───────── ──────────── ──────────── ────────
  🥇    JFP11         74.3800    0.6930        8,851      106,214   11.18%
  🥈    SCP6         141.7407    1.1841        7,936       95,232   10.02%
  🥉    ESC1           8.2900    0.0687        7,878       94,540    9.95%
    4. ACC3           9.3500    0.0750        7,620       91,444    9.63%
    5. IGB5           6.9564    0.0510        6,965       83,578    8.80%
    6. FRP4           9.8100    0.0670        6,488       77,859    8.20%
    7. MLE24         20.7800    0.1375        6,286       75,433    7.94%
    8. DSP5           8.6306    0.0550        6,054       72,648    7.65%
════════════════════════════════════════════════════════════════════════════

  🏆 最佳選擇：JFP11
     每月可領 TWD 8,851　年化報酬率 11.18%
     vs 最低 DSP5：每月多 TWD 2,797


🌐 開始更新網頁...

  📄 fubon-vcct-calculator
  ⚠️  JFP11：找不到對應欄位，略過
  ⚠️  ACC3：找不到對應欄位，略過
  ⚠️  IGB5：找不到對應欄位，略過
  ⚠️  FRP4：找不到對應欄位，略過
  ⚠️  DSP5：找不到對應欄位，略過
  ⚠️  SCP6：找不到對應欄位，略過
  ⚠️  ESC1：找不到對應欄位，略過
  ⚠️  MLE24：找不到對應欄位，略過
  ℹ️  fubon-vcct-calculator 無變動，略過

  📄 fubon-calculator
  ⚠️  JFP11：找不到對應欄位，略過
  ⚠️  ACC3：找不到對應欄位，略過
  ⚠️  IGB5：找不到對應欄位，略過
  ⚠️  FRP4：找不到對應欄位，略過
  ⚠️  DSP5：找不到對應欄位，略過
  ⚠️  SCP6：找不到對應欄位，略過
  ✅ ESC1：淨值=8.29，分配=0.068749
  ⚠️  MLE24：找不到對應欄位，略過
  ✅ fubon-calculator 推送成功

✅ 網頁更新完成！
完成
========================================
執行時間：2026-07-24 17:15:33
🌐 開始爬取並更新...
════════════════════════════════════════════════════════════
  富邦 VCCT 月配息計算器
════════════════════════════════════════════════════════════
  保費：TWD 1,000,000　費用率：5.0%　匯率：31.4
  共 8 檔基金待查詢
════════════════════════════════════════════════════════════

🌐 啟動瀏覽器...
  [1/8] JFP11    ✅ 淨值=74.3800  分配=0.6930  月配息 TWD 8,851  報酬率 11.18%
  [2/8] ACC3     ✅ 淨值=9.3500  分配=0.0750  月配息 TWD 7,620  報酬率 9.63%
  [3/8] IGB5     ✅ 淨值=6.9564  分配=0.0510  月配息 TWD 6,965  報酬率 8.80%
  [4/8] FRP4     ✅ 淨值=9.8100  分配=0.0670  月配息 TWD 6,488  報酬率 8.20%
  [5/8] DSP5     ✅ 淨值=8.6306  分配=0.0550  月配息 TWD 6,054  報酬率 7.65%
  [6/8] SCP6     ✅ 淨值=141.7407  分配=1.1841  月配息 TWD 7,936  報酬率 10.02%
  [7/8] ESC1     ✅ 淨值=8.2900  分配=0.0687  月配息 TWD 7,878  報酬率 9.95%
  [8/8] MLE24    ✅ 淨值=20.7800  分配=0.1375  月配息 TWD 6,286  報酬率 7.94%

🔒 瀏覽器已關閉

════════════════════════════════════════════════════════════════════════════
  📊 基金比較排行（依年化報酬率排序）
  保費 TWD 1,000,000　費用率 5%　匯率 31.4
════════════════════════════════════════════════════════════════════════════
  排名   基金名稱               淨值      分配金額     月配息(TWD)     年配息(TWD)      報酬率
  ──── ────────── ────────── ───────── ──────────── ──────────── ────────
  🥇    JFP11         74.3800    0.6930        8,851      106,214   11.18%
  🥈    SCP6         141.7407    1.1841        7,936       95,232   10.02%
  🥉    ESC1           8.2900    0.0687        7,878       94,540    9.95%
    4. ACC3           9.3500    0.0750        7,620       91,444    9.63%
    5. IGB5           6.9564    0.0510        6,965       83,578    8.80%
    6. FRP4           9.8100    0.0670        6,488       77,859    8.20%
    7. MLE24         20.7800    0.1375        6,286       75,433    7.94%
    8. DSP5           8.6306    0.0550        6,054       72,648    7.65%
════════════════════════════════════════════════════════════════════════════

  🏆 最佳選擇：JFP11
     每月可領 TWD 8,851　年化報酬率 11.18%
     vs 最低 DSP5：每月多 TWD 2,797

Traceback (most recent call last):
  File "/Users/mylove/Downloads/fubon-vcct-calculator-main/fubon_vcct_calculator.py", line 384, in <module>
    main()
    ~~~~^^
  File "/Users/mylove/Downloads/fubon-vcct-calculator-main/fubon_vcct_calculator.py", line 380, in main
    auto_update_web(results)
    ~~~~~~~~~~~~~~~^^^^^^^^^
  File "/Users/mylove/Downloads/fubon-vcct-calculator-main/fubon_vcct_calculator.py", line 294, in auto_update_web
    if not TOKEN:
           ^^^^^
UnboundLocalError: cannot access local variable 'TOKEN' where it is not associated with a value
完成
========================================
執行時間：2026-07-24 17:18:05
🌐 開始爬取並更新...
════════════════════════════════════════════════════════════
  富邦 VCCT 月配息計算器
════════════════════════════════════════════════════════════
  保費：TWD 1,000,000　費用率：5.0%　匯率：31.4
  共 8 檔基金待查詢
════════════════════════════════════════════════════════════

🌐 啟動瀏覽器...
  [1/8] JFP11    ✅ 淨值=74.3800  分配=0.6930  月配息 TWD 8,851  報酬率 11.18%
  [2/8] ACC3     ✅ 淨值=9.3500  分配=0.0750  月配息 TWD 7,620  報酬率 9.63%
  [3/8] IGB5     ✅ 淨值=6.9564  分配=0.0510  月配息 TWD 6,965  報酬率 8.80%
  [4/8] FRP4     ✅ 淨值=9.8100  分配=0.0670  月配息 TWD 6,488  報酬率 8.20%
  [5/8] DSP5     ✅ 淨值=8.6306  分配=0.0550  月配息 TWD 6,054  報酬率 7.65%
  [6/8] SCP6     ✅ 淨值=141.7407  分配=1.1841  月配息 TWD 7,936  報酬率 10.02%
  [7/8] ESC1     ✅ 淨值=8.2900  分配=0.0687  月配息 TWD 7,878  報酬率 9.95%
  [8/8] MLE24    ✅ 淨值=20.7800  分配=0.1375  月配息 TWD 6,286  報酬率 7.94%

🔒 瀏覽器已關閉

════════════════════════════════════════════════════════════════════════════
  📊 基金比較排行（依年化報酬率排序）
  保費 TWD 1,000,000　費用率 5%　匯率 31.4
════════════════════════════════════════════════════════════════════════════
  排名   基金名稱               淨值      分配金額     月配息(TWD)     年配息(TWD)      報酬率
  ──── ────────── ────────── ───────── ──────────── ──────────── ────────
  🥇    JFP11         74.3800    0.6930        8,851      106,214   11.18%
  🥈    SCP6         141.7407    1.1841        7,936       95,232   10.02%
  🥉    ESC1           8.2900    0.0687        7,878       94,540    9.95%
    4. ACC3           9.3500    0.0750        7,620       91,444    9.63%
    5. IGB5           6.9564    0.0510        6,965       83,578    8.80%
    6. FRP4           9.8100    0.0670        6,488       77,859    8.20%
    7. MLE24         20.7800    0.1375        6,286       75,433    7.94%
    8. DSP5           8.6306    0.0550        6,054       72,648    7.65%
════════════════════════════════════════════════════════════════════════════

  🏆 最佳選擇：JFP11
     每月可領 TWD 8,851　年化報酬率 11.18%
     vs 最低 DSP5：每月多 TWD 2,797

Traceback (most recent call last):
  File "/Users/mylove/Downloads/fubon-vcct-calculator-main/fubon_vcct_calculator.py", line 384, in <module>
    main()
    ~~~~^^
  File "/Users/mylove/Downloads/fubon-vcct-calculator-main/fubon_vcct_calculator.py", line 380, in main
    auto_update_web(results)
    ~~~~~~~~~~~~~~~^^^^^^^^^
  File "/Users/mylove/Downloads/fubon-vcct-calculator-main/fubon_vcct_calculator.py", line 301, in auto_update_web
    DATE_STR = datetime.now().strftime("%Y-%m-%d")
               ^^^^^^^^
NameError: name 'datetime' is not defined. Did you forget to import 'datetime'?
完成
========================================
執行時間：2026-07-24 17:20:57
🌐 開始爬取並更新...
════════════════════════════════════════════════════════════
  富邦 VCCT 月配息計算器
════════════════════════════════════════════════════════════
  保費：TWD 1,000,000　費用率：5.0%　匯率：31.4
  共 8 檔基金待查詢
════════════════════════════════════════════════════════════

🌐 啟動瀏覽器...
  [1/8] JFP11    ✅ 淨值=74.3800  分配=0.6930  月配息 TWD 8,851  報酬率 11.18%
  [2/8] ACC3     ✅ 淨值=9.3500  分配=0.0750  月配息 TWD 7,620  報酬率 9.63%
  [3/8] IGB5     ✅ 淨值=6.9564  分配=0.0510  月配息 TWD 6,965  報酬率 8.80%
  [4/8] FRP4     ✅ 淨值=9.8100  分配=0.0670  月配息 TWD 6,488  報酬率 8.20%
  [5/8] DSP5     ✅ 淨值=8.6306  分配=0.0550  月配息 TWD 6,054  報酬率 7.65%
  [6/8] SCP6     ✅ 淨值=141.7407  分配=1.1841  月配息 TWD 7,936  報酬率 10.02%
  [7/8] ESC1     ✅ 淨值=8.2900  分配=0.0687  月配息 TWD 7,878  報酬率 9.95%
  [8/8] MLE24    ✅ 淨值=20.7800  分配=0.1375  月配息 TWD 6,286  報酬率 7.94%

🔒 瀏覽器已關閉

════════════════════════════════════════════════════════════════════════════
  📊 基金比較排行（依年化報酬率排序）
  保費 TWD 1,000,000　費用率 5%　匯率 31.4
════════════════════════════════════════════════════════════════════════════
  排名   基金名稱               淨值      分配金額     月配息(TWD)     年配息(TWD)      報酬率
  ──── ────────── ────────── ───────── ──────────── ──────────── ────────
  🥇    JFP11         74.3800    0.6930        8,851      106,214   11.18%
  🥈    SCP6         141.7407    1.1841        7,936       95,232   10.02%
  🥉    ESC1           8.2900    0.0687        7,878       94,540    9.95%
    4. ACC3           9.3500    0.0750        7,620       91,444    9.63%
    5. IGB5           6.9564    0.0510        6,965       83,578    8.80%
    6. FRP4           9.8100    0.0670        6,488       77,859    8.20%
    7. MLE24         20.7800    0.1375        6,286       75,433    7.94%
    8. DSP5           8.6306    0.0550        6,054       72,648    7.65%
════════════════════════════════════════════════════════════════════════════

  🏆 最佳選擇：JFP11
     每月可領 TWD 8,851　年化報酬率 11.18%
     vs 最低 DSP5：每月多 TWD 2,797

Traceback (most recent call last):
  File "/Users/mylove/Downloads/fubon-vcct-calculator-main/fubon_vcct_calculator.py", line 384, in <module>
    main()
    ~~~~^^
  File "/Users/mylove/Downloads/fubon-vcct-calculator-main/fubon_vcct_calculator.py", line 380, in main
    auto_update_web(results)
    ~~~~~~~~~~~~~~~^^^^^^^^^
  File "/Users/mylove/Downloads/fubon-vcct-calculator-main/fubon_vcct_calculator.py", line 301, in auto_update_web
    DATE_STR = datetime.now().strftime("%Y-%m-%d")
               ^^^^^^^^
NameError: name 'datetime' is not defined. Did you forget to import 'datetime'?
完成
========================================
執行時間：2026-07-24 17:23:53
🌐 開始爬取並更新...
════════════════════════════════════════════════════════════
  富邦 VCCT 月配息計算器
════════════════════════════════════════════════════════════
  共 8 檔基金待查詢
════════════════════════════════════════════════════════════

🌐 啟動瀏覽器...
  [1/8] JFP11    ✅ 淨值=74.3800  分配=0.6930  月配息 TWD 8,851  報酬率 11.18%
  [2/8] ACC3     ❌ 無法取得資料（淨值=None, 分配=0.075）
  [3/8] IGB5     ✅ 淨值=6.9564  分配=0.0510  月配息 TWD 6,965  報酬率 8.80%
  [4/8] FRP4     ✅ 淨值=9.8100  分配=0.0670  月配息 TWD 6,488  報酬率 8.20%
  [5/8] DSP5     ✅ 淨值=8.6306  分配=0.0550  月配息 TWD 6,054  報酬率 7.65%
  [6/8] SCP6     ✅ 淨值=141.7407  分配=1.1841  月配息 TWD 7,936  報酬率 10.02%
  [7/8] ESC1     ❌ 無法取得資料（淨值=None, 分配=0.068749）
  [8/8] MLE24    ✅ 淨值=20.7800  分配=0.1375  月配息 TWD 6,286  報酬率 7.94%
🔒 瀏覽器已關閉

⚠️  以下基金需確認代碼：ACC3, ESC1

════════════════════════════════════════════════════════════════════════════
  📊 基金比較排行（依年化報酬率排序）
════════════════════════════════════════════════════════════════════════════
  排名   基金名稱               淨值      分配金額     月配息(TWD)     年配息(TWD)      報酬率
  ──── ────────── ────────── ───────── ──────────── ──────────── ────────
  🥇    JFP11         74.3800    0.6930        8,851      106,214   11.18%
  🥈    SCP6         141.7407    1.1841        7,936       95,232   10.02%
  🥉    IGB5           6.9564    0.0510        6,965       83,578    8.80%
    4. FRP4           9.8100    0.0670        6,488       77,859    8.20%
    5. MLE24         20.7800    0.1375        6,286       75,433    7.94%
    6. DSP5           8.6306    0.0550        6,054       72,648    7.65%
════════════════════════════════════════════════════════════════════════════

  🏆 最佳選擇：JFP11
     每月可領 TWD 8,851　年化報酬率 11.18%
     vs 最低 DSP5：每月多 TWD 2,797


🌐 開始更新網頁...

  📄 fubon-vcct-calculator
  ⚠️  JFP11：找不到對應欄位，略過
  ⚠️  IGB5：找不到對應欄位，略過
  ⚠️  FRP4：找不到對應欄位，略過
  ⚠️  DSP5：找不到對應欄位，略過
  ⚠️  SCP6：找不到對應欄位，略過
  ⚠️  MLE24：找不到對應欄位，略過
  ℹ️  fubon-vcct-calculator 無變動，略過

  📄 fubon-calculator
  ⚠️  JFP11：找不到對應欄位，略過
  ⚠️  IGB5：找不到對應欄位，略過
  ⚠️  FRP4：找不到對應欄位，略過
  ⚠️  DSP5：找不到對應欄位，略過
  ⚠️  SCP6：找不到對應欄位，略過
  ⚠️  MLE24：找不到對應欄位，略過
  ℹ️  fubon-calculator 無變動，略過

✅ 網頁更新完成！
完成
========================================
執行時間：2026-07-24 17:26:36
🌐 開始爬取並更新...
════════════════════════════════════════════════════════════
  富邦 VCCT 月配息計算器
════════════════════════════════════════════════════════════
  共 8 檔基金待查詢
════════════════════════════════════════════════════════════

🌐 啟動瀏覽器...
  [1/8] JFP11    ✅ 淨值=74.3800  分配=0.6930  月配息 TWD 8,851  報酬率 11.18%
  [2/8] ACC3     ❌ 無法取得資料（淨值=None, 分配=0.075）
  [3/8] IGB5     ✅ 淨值=6.9564  分配=0.0510  月配息 TWD 6,965  報酬率 8.80%
  [4/8] FRP4     ✅ 淨值=9.8100  分配=0.0670  月配息 TWD 6,488  報酬率 8.20%
  [5/8] DSP5     ✅ 淨值=8.6306  分配=0.0550  月配息 TWD 6,054  報酬率 7.65%
  [6/8] SCP6     ✅ 淨值=141.7407  分配=1.1841  月配息 TWD 7,936  報酬率 10.02%
  [7/8] ESC1     ❌ 無法取得資料（淨值=None, 分配=0.068749）
  [8/8] MLE24    ✅ 淨值=20.7800  分配=0.1375  月配息 TWD 6,286  報酬率 7.94%
🔒 瀏覽器已關閉

⚠️  以下基金需確認代碼：ACC3, ESC1

════════════════════════════════════════════════════════════════════════════
  📊 基金比較排行（依年化報酬率排序）
════════════════════════════════════════════════════════════════════════════
  排名   基金名稱               淨值      分配金額     月配息(TWD)     年配息(TWD)      報酬率
  ──── ────────── ────────── ───────── ──────────── ──────────── ────────
  🥇    JFP11         74.3800    0.6930        8,851      106,214   11.18%
  🥈    SCP6         141.7407    1.1841        7,936       95,232   10.02%
  🥉    IGB5           6.9564    0.0510        6,965       83,578    8.80%
    4. FRP4           9.8100    0.0670        6,488       77,859    8.20%
    5. MLE24         20.7800    0.1375        6,286       75,433    7.94%
    6. DSP5           8.6306    0.0550        6,054       72,648    7.65%
════════════════════════════════════════════════════════════════════════════

  🏆 最佳選擇：JFP11
     每月可領 TWD 8,851　年化報酬率 11.18%
     vs 最低 DSP5：每月多 TWD 2,797


🌐 開始更新網頁...

  📄 fubon-vcct-calculator
  ⚠️  JFP11：找不到對應欄位，略過
  ⚠️  IGB5：找不到對應欄位，略過
  ⚠️  FRP4：找不到對應欄位，略過
  ⚠️  DSP5：找不到對應欄位，略過
  ⚠️  SCP6：找不到對應欄位，略過
  ⚠️  MLE24：找不到對應欄位，略過
  ℹ️  fubon-vcct-calculator 無變動，略過

  📄 fubon-calculator
  ⚠️  JFP11：找不到對應欄位，略過
  ⚠️  IGB5：找不到對應欄位，略過
  ⚠️  FRP4：找不到對應欄位，略過
  ⚠️  DSP5：找不到對應欄位，略過
  ⚠️  SCP6：找不到對應欄位，略過
  ⚠️  MLE24：找不到對應欄位，略過
  ℹ️  fubon-calculator 無變動，略過

✅ 網頁更新完成！
完成
========================================
執行時間：2026-07-24 17:28:49
🌐 開始爬取並更新...
════════════════════════════════════════════════════════════
  富邦 VCCT 月配息計算器
════════════════════════════════════════════════════════════
  共 8 檔基金待查詢
════════════════════════════════════════════════════════════

🌐 啟動瀏覽器...
  [1/8] JFP11    ✅ 淨值=74.3800  分配=0.6930  月配息 TWD 8,851  報酬率 11.18%
  [2/8] ACC3     ❌ 無法取得資料（淨值=None, 分配=0.075）
  [3/8] IGB5     ✅ 淨值=6.9564  分配=0.0510  月配息 TWD 6,965  報酬率 8.80%
  [4/8] FRP4     ✅ 淨值=9.8100  分配=0.0670  月配息 TWD 6,488  報酬率 8.20%
  [5/8] DSP5     ✅ 淨值=8.6306  分配=0.0550  月配息 TWD 6,054  報酬率 7.65%
  [6/8] SCP6     ✅ 淨值=141.7407  分配=1.1841  月配息 TWD 7,936  報酬率 10.02%
  [7/8] ESC1     ❌ 無法取得資料（淨值=None, 分配=0.068749）
  [8/8] MLE24    ✅ 淨值=20.7800  分配=0.1375  月配息 TWD 6,286  報酬率 7.94%
🔒 瀏覽器已關閉

⚠️  以下基金需確認代碼：ACC3, ESC1

════════════════════════════════════════════════════════════════════════════
  📊 基金比較排行（依年化報酬率排序）
════════════════════════════════════════════════════════════════════════════
  排名   基金名稱               淨值      分配金額     月配息(TWD)     年配息(TWD)      報酬率
  ──── ────────── ────────── ───────── ──────────── ──────────── ────────
  🥇    JFP11         74.3800    0.6930        8,851      106,214   11.18%
  🥈    SCP6         141.7407    1.1841        7,936       95,232   10.02%
  🥉    IGB5           6.9564    0.0510        6,965       83,578    8.80%
    4. FRP4           9.8100    0.0670        6,488       77,859    8.20%
    5. MLE24         20.7800    0.1375        6,286       75,433    7.94%
    6. DSP5           8.6306    0.0550        6,054       72,648    7.65%
════════════════════════════════════════════════════════════════════════════

  🏆 最佳選擇：JFP11
     每月可領 TWD 8,851　年化報酬率 11.18%
     vs 最低 DSP5：每月多 TWD 2,797


🌐 開始更新網頁...

  📄 fubon-vcct-calculator
  ⚠️  JFP11：找不到對應欄位，略過
  ⚠️  IGB5：找不到對應欄位，略過
  ⚠️  FRP4：找不到對應欄位，略過
  ⚠️  DSP5：找不到對應欄位，略過
  ⚠️  SCP6：找不到對應欄位，略過
  ⚠️  MLE24：找不到對應欄位，略過
  ℹ️  fubon-vcct-calculator 無變動，略過

  📄 fubon-calculator
  ⚠️  JFP11：找不到對應欄位，略過
  ⚠️  IGB5：找不到對應欄位，略過
  ⚠️  FRP4：找不到對應欄位，略過
  ⚠️  DSP5：找不到對應欄位，略過
  ⚠️  SCP6：找不到對應欄位，略過
  ⚠️  MLE24：找不到對應欄位，略過
  ℹ️  fubon-calculator 無變動，略過

✅ 網頁更新完成！
完成
========================================
執行時間：2026-07-27 08:38:08
🌐 開始爬取並更新...
════════════════════════════════════════════════════════════
  富邦 VCCT 月配息計算器
════════════════════════════════════════════════════════════
  共 8 檔基金待查詢
════════════════════════════════════════════════════════════

🌐 啟動瀏覽器...
  [1/8] JFP11    ✅ 淨值=74.3800  分配=0.6930  月配息 TWD 8,851  報酬率 11.18%
  [2/8] ACC3     ❌ 無法取得資料（淨值=None, 分配=0.075）
  [3/8] IGB5     ✅ 淨值=6.9479  分配=0.0510  月配息 TWD 6,973  報酬率 8.81%
  [4/8] FRP4     ✅ 淨值=9.8500  分配=0.0670  月配息 TWD 6,462  報酬率 8.16%
  [5/8] DSP5     ✅ 淨值=8.5763  分配=0.0550  月配息 TWD 6,092  報酬率 7.70%
  [6/8] SCP6     ✅ 淨值=141.7407  分配=1.1841  月配息 TWD 7,936  報酬率 10.02%
  [7/8] ESC1     ❌ 無法取得資料（淨值=None, 分配=0.068749）
  [8/8] MLE24    ✅ 淨值=20.1500  分配=0.1375  月配息 TWD 6,483  報酬率 8.19%
🔒 瀏覽器已關閉

⚠️  以下基金需確認代碼：ACC3, ESC1

════════════════════════════════════════════════════════════════════════════
  📊 基金比較排行（依年化報酬率排序）
════════════════════════════════════════════════════════════════════════════
  排名   基金名稱               淨值      分配金額     月配息(TWD)     年配息(TWD)      報酬率
  ──── ────────── ────────── ───────── ──────────── ──────────── ────────
  🥇    JFP11         74.3800    0.6930        8,851      106,214   11.18%
  🥈    SCP6         141.7407    1.1841        7,936       95,232   10.02%
  🥉    IGB5           6.9479    0.0510        6,973       83,680    8.81%
    4. MLE24         20.1500    0.1375        6,483       77,792    8.19%
    5. FRP4           9.8500    0.0670        6,462       77,543    8.16%
    6. DSP5           8.5763    0.0550        6,092       73,108    7.70%
════════════════════════════════════════════════════════════════════════════

  🏆 最佳選擇：JFP11
     每月可領 TWD 8,851　年化報酬率 11.18%
     vs 最低 DSP5：每月多 TWD 2,759


🌐 開始更新網頁...

  📄 fubon-vcct-calculator
  ⚠️  JFP11：找不到對應欄位，略過
  ⚠️  IGB5：找不到對應欄位，略過
  ✅ FRP4：淨值=9.85，分配=0.067
  ✅ DSP5：淨值=8.5763，分配=0.055
  ⚠️  SCP6：找不到對應欄位，略過
  ⚠️  MLE24：找不到對應欄位，略過
  ✅ fubon-vcct-calculator 推送成功

  📄 fubon-calculator
  ⚠️  JFP11：找不到對應欄位，略過
  ✅ IGB5：淨值=6.9479，分配=0.051
  ✅ FRP4：淨值=9.85，分配=0.067
  ✅ DSP5：淨值=8.5763，分配=0.055
  ⚠️  SCP6：找不到對應欄位，略過
  ✅ MLE24：淨值=20.15，分配=0.1375
  ✅ fubon-calculator 推送成功

✅ 網頁更新完成！
完成
========================================
執行時間：2026-07-27 08:40:41
🌐 開始爬取並更新...
════════════════════════════════════════════════════════════
  富邦 VCCT 月配息計算器
════════════════════════════════════════════════════════════
  共 8 檔基金待查詢
════════════════════════════════════════════════════════════

🌐 啟動瀏覽器...
  [1/8] JFP11    ✅ 淨值=74.3800  分配=0.6930  月配息 TWD 8,851  報酬率 11.18%
  [2/8] ACC3     ❌ 無法取得資料（淨值=None, 分配=0.075）
  [3/8] IGB5     ✅ 淨值=6.9479  分配=0.0510  月配息 TWD 6,973  報酬率 8.81%
  [4/8] FRP4     ✅ 淨值=9.8500  分配=0.0670  月配息 TWD 6,462  報酬率 8.16%
  [5/8] DSP5     ✅ 淨值=8.5763  分配=0.0550  月配息 TWD 6,092  報酬率 7.70%
  [6/8] SCP6     ✅ 淨值=141.7407  分配=1.1841  月配息 TWD 7,936  報酬率 10.02%
  [7/8] ESC1     ❌ 無法取得資料（淨值=None, 分配=0.068749）
  [8/8] MLE24    ✅ 淨值=20.1500  分配=0.1375  月配息 TWD 6,483  報酬率 8.19%
🔒 瀏覽器已關閉

⚠️  以下基金需確認代碼：ACC3, ESC1

════════════════════════════════════════════════════════════════════════════
  📊 基金比較排行（依年化報酬率排序）
════════════════════════════════════════════════════════════════════════════
  排名   基金名稱               淨值      分配金額     月配息(TWD)     年配息(TWD)      報酬率
  ──── ────────── ────────── ───────── ──────────── ──────────── ────────
  🥇    JFP11         74.3800    0.6930        8,851      106,214   11.18%
  🥈    SCP6         141.7407    1.1841        7,936       95,232   10.02%
  🥉    IGB5           6.9479    0.0510        6,973       83,680    8.81%
    4. MLE24         20.1500    0.1375        6,483       77,792    8.19%
    5. FRP4           9.8500    0.0670        6,462       77,543    8.16%
    6. DSP5           8.5763    0.0550        6,092       73,108    7.70%
════════════════════════════════════════════════════════════════════════════

  🏆 最佳選擇：JFP11
     每月可領 TWD 8,851　年化報酬率 11.18%
     vs 最低 DSP5：每月多 TWD 2,759


🌐 開始更新網頁...

  📄 fubon-vcct-calculator
  ⚠️  JFP11：找不到對應欄位，略過
  ⚠️  IGB5：找不到對應欄位，略過
  ⚠️  FRP4：找不到對應欄位，略過
  ⚠️  DSP5：找不到對應欄位，略過
  ⚠️  SCP6：找不到對應欄位，略過
  ⚠️  MLE24：找不到對應欄位，略過
  ℹ️  fubon-vcct-calculator 無變動，略過

  📄 fubon-calculator
  ⚠️  JFP11：找不到對應欄位，略過
  ⚠️  IGB5：找不到對應欄位，略過
  ⚠️  FRP4：找不到對應欄位，略過
  ⚠️  DSP5：找不到對應欄位，略過
  ⚠️  SCP6：找不到對應欄位，略過
  ⚠️  MLE24：找不到對應欄位，略過
  ℹ️  fubon-calculator 無變動，略過

✅ 網頁更新完成！
完成
========================================
執行時間：2026-07-27 08:44:50
🌐 開始爬取並更新...
════════════════════════════════════════════════════════════
  富邦 VCCT 月配息計算器
════════════════════════════════════════════════════════════
  共 8 檔基金待查詢
════════════════════════════════════════════════════════════

🌐 啟動瀏覽器...
  [1/8] JFP11    ✅ 淨值=74.3800  分配=0.6930  月配息 TWD 8,851  報酬率 11.18%
  [2/8] ACC3     ❌ 無法取得資料（淨值=None, 分配=0.075）
  [3/8] IGB5     ✅ 淨值=6.9479  分配=0.0510  月配息 TWD 6,973  報酬率 8.81%
  [4/8] FRP4     ✅ 淨值=9.8500  分配=0.0670  月配息 TWD 6,462  報酬率 8.16%
  [5/8] DSP5     ✅ 淨值=8.5763  分配=0.0550  月配息 TWD 6,092  報酬率 7.70%
  [6/8] SCP6     ✅ 淨值=141.7407  分配=1.1841  月配息 TWD 7,936  報酬率 10.02%
  [7/8] ESC1     ❌ 無法取得資料（淨值=None, 分配=0.068749）
  [8/8] MLE24    ✅ 淨值=20.1500  分配=0.1375  月配息 TWD 6,483  報酬率 8.19%
🔒 瀏覽器已關閉

⚠️  以下基金需確認代碼：ACC3, ESC1

════════════════════════════════════════════════════════════════════════════
  📊 基金比較排行（依年化報酬率排序）
════════════════════════════════════════════════════════════════════════════
  排名   基金名稱               淨值      分配金額     月配息(TWD)     年配息(TWD)      報酬率
  ──── ────────── ────────── ───────── ──────────── ──────────── ────────
  🥇    JFP11         74.3800    0.6930        8,851      106,214   11.18%
  🥈    SCP6         141.7407    1.1841        7,936       95,232   10.02%
  🥉    IGB5           6.9479    0.0510        6,973       83,680    8.81%
    4. MLE24         20.1500    0.1375        6,483       77,792    8.19%
    5. FRP4           9.8500    0.0670        6,462       77,543    8.16%
    6. DSP5           8.5763    0.0550        6,092       73,108    7.70%
════════════════════════════════════════════════════════════════════════════

  🏆 最佳選擇：JFP11
     每月可領 TWD 8,851　年化報酬率 11.18%
     vs 最低 DSP5：每月多 TWD 2,759


🌐 開始更新網頁...

  📄 fubon-vcct-calculator
  ⚠️  JFP11：找不到對應欄位，略過
  ⚠️  IGB5：找不到對應欄位，略過
  ⚠️  FRP4：找不到對應欄位，略過
  ⚠️  DSP5：找不到對應欄位，略過
  ⚠️  SCP6：找不到對應欄位，略過
  ⚠️  MLE24：找不到對應欄位，略過
  ℹ️  fubon-vcct-calculator 無變動，略過

  📄 fubon-calculator
  ⚠️  JFP11：找不到對應欄位，略過
  ⚠️  IGB5：找不到對應欄位，略過
  ⚠️  FRP4：找不到對應欄位，略過
  ⚠️  DSP5：找不到對應欄位，略過
  ⚠️  SCP6：找不到對應欄位，略過
  ⚠️  MLE24：找不到對應欄位，略過
  ℹ️  fubon-calculator 無變動，略過

✅ 網頁更新完成！
完成
========================================
執行時間：2026-07-27 08:53:41
🌐 開始爬取並更新...
════════════════════════════════════════════════════════════
  富邦 VCCT 月配息計算器
════════════════════════════════════════════════════════════
  共 8 檔基金待查詢
════════════════════════════════════════════════════════════

🌐 啟動瀏覽器...
  [1/8] JFP11    ✅ 淨值=74.3800  分配=0.6930  月配息 TWD 8,851  報酬率 11.18%
  [2/8] ACC3     ❌ 無法取得資料（淨值=None, 分配=0.075）
  [3/8] IGB5     ✅ 淨值=6.9479  分配=0.0510  月配息 TWD 6,973  報酬率 8.81%
  [4/8] FRP4     ✅ 淨值=9.8500  分配=0.0670  月配息 TWD 6,462  報酬率 8.16%
  [5/8] DSP5     ✅ 淨值=8.5763  分配=0.0550  月配息 TWD 6,092  報酬率 7.70%
  [6/8] SCP6     ✅ 淨值=141.7407  分配=1.1841  月配息 TWD 7,936  報酬率 10.02%
  [7/8] ESC1     ❌ 無法取得資料（淨值=None, 分配=0.068749）
  [8/8] MLE24    ✅ 淨值=20.1500  分配=0.1375  月配息 TWD 6,483  報酬率 8.19%
🔒 瀏覽器已關閉

⚠️  以下基金需確認代碼：ACC3, ESC1

════════════════════════════════════════════════════════════════════════════
  📊 基金比較排行（依年化報酬率排序）
════════════════════════════════════════════════════════════════════════════
  排名   基金名稱               淨值      分配金額     月配息(TWD)     年配息(TWD)      報酬率
  ──── ────────── ────────── ───────── ──────────── ──────────── ────────
  🥇    JFP11         74.3800    0.6930        8,851      106,214   11.18%
  🥈    SCP6         141.7407    1.1841        7,936       95,232   10.02%
  🥉    IGB5           6.9479    0.0510        6,973       83,680    8.81%
    4. MLE24         20.1500    0.1375        6,483       77,792    8.19%
    5. FRP4           9.8500    0.0670        6,462       77,543    8.16%
    6. DSP5           8.5763    0.0550        6,092       73,108    7.70%
════════════════════════════════════════════════════════════════════════════

  🏆 最佳選擇：JFP11
     每月可領 TWD 8,851　年化報酬率 11.18%
     vs 最低 DSP5：每月多 TWD 2,759


🌐 開始更新網頁...

  📄 fubon-vcct-calculator
  ⚠️  JFP11：找不到對應欄位，略過
  ⚠️  IGB5：找不到對應欄位，略過
  ⚠️  FRP4：找不到對應欄位，略過
  ⚠️  DSP5：找不到對應欄位，略過
  ⚠️  SCP6：找不到對應欄位，略過
  ⚠️  MLE24：找不到對應欄位，略過
  ℹ️  fubon-vcct-calculator 無變動，略過

  📄 fubon-calculator
  ⚠️  JFP11：找不到對應欄位，略過
  ⚠️  IGB5：找不到對應欄位，略過
  ⚠️  FRP4：找不到對應欄位，略過
  ⚠️  DSP5：找不到對應欄位，略過
  ⚠️  SCP6：找不到對應欄位，略過
  ⚠️  MLE24：找不到對應欄位，略過
  ℹ️  fubon-calculator 無變動，略過

✅ 網頁更新完成！
完成
========================================
執行時間：2026-07-27 08:59:43
🌐 開始爬取並更新...
════════════════════════════════════════════════════════════
  富邦 VCCT 月配息計算器
════════════════════════════════════════════════════════════
  共 8 檔基金待查詢
════════════════════════════════════════════════════════════

🌐 啟動瀏覽器...
  [1/8] JFP11    ✅ 淨值=74.3800  分配=0.6930  月配息 TWD 8,851  報酬率 11.18%
  [2/8] ACC3     ❌ 無法取得資料（淨值=None, 分配=0.075）
  [3/8] IGB5     ✅ 淨值=6.9479  分配=0.0510  月配息 TWD 6,973  報酬率 8.81%
  [4/8] FRP4     ✅ 淨值=9.8500  分配=0.0670  月配息 TWD 6,462  報酬率 8.16%
  [5/8] DSP5     ✅ 淨值=8.5763  分配=0.0550  月配息 TWD 6,092  報酬率 7.70%
  [6/8] SCP6     ✅ 淨值=141.7407  分配=1.1841  月配息 TWD 7,936  報酬率 10.02%
  [7/8] ESC1     ❌ 無法取得資料（淨值=None, 分配=0.068749）
  [8/8] MLE24    ✅ 淨值=20.1500  分配=0.1375  月配息 TWD 6,483  報酬率 8.19%
🔒 瀏覽器已關閉

⚠️  以下基金需確認代碼：ACC3, ESC1

════════════════════════════════════════════════════════════════════════════
  📊 基金比較排行（依年化報酬率排序）
════════════════════════════════════════════════════════════════════════════
  排名   基金名稱               淨值      分配金額     月配息(TWD)     年配息(TWD)      報酬率
  ──── ────────── ────────── ───────── ──────────── ──────────── ────────
  🥇    JFP11         74.3800    0.6930        8,851      106,214   11.18%
  🥈    SCP6         141.7407    1.1841        7,936       95,232   10.02%
  🥉    IGB5           6.9479    0.0510        6,973       83,680    8.81%
    4. MLE24         20.1500    0.1375        6,483       77,792    8.19%
    5. FRP4           9.8500    0.0670        6,462       77,543    8.16%
    6. DSP5           8.5763    0.0550        6,092       73,108    7.70%
════════════════════════════════════════════════════════════════════════════

  🏆 最佳選擇：JFP11
     每月可領 TWD 8,851　年化報酬率 11.18%
     vs 最低 DSP5：每月多 TWD 2,759


🌐 開始更新網頁...

  📄 fubon-vcct-calculator
  ⚠️  JFP11：找不到對應欄位，略過
  ⚠️  IGB5：找不到對應欄位，略過
  ⚠️  FRP4：找不到對應欄位，略過
  ⚠️  DSP5：找不到對應欄位，略過
  ⚠️  SCP6：找不到對應欄位，略過
  ⚠️  MLE24：找不到對應欄位，略過
  ℹ️  fubon-vcct-calculator 無變動，略過

  📄 fubon-calculator
  ⚠️  JFP11：找不到對應欄位，略過
  ⚠️  IGB5：找不到對應欄位，略過
  ⚠️  FRP4：找不到對應欄位，略過
  ⚠️  DSP5：找不到對應欄位，略過
  ⚠️  SCP6：找不到對應欄位，略過
  ⚠️  MLE24：找不到對應欄位，略過
  ℹ️  fubon-calculator 無變動，略過

✅ 網頁更新完成！
完成
========================================
執行時間：2026-07-27 09:13:52
/Library/Frameworks/Python.framework/Versions/3.14/lib/python3.14/site-packages/urllib3/connectionpool.py:1110: InsecureRequestWarning: Unverified HTTPS request is being made to host 'api.github.com'. Adding certificate verification is strongly advised. See: https://urllib3.readthedocs.io/en/latest/advanced-usage.html#tls-warnings
  warnings.warn(
/Library/Frameworks/Python.framework/Versions/3.14/lib/python3.14/site-packages/urllib3/connectionpool.py:1110: InsecureRequestWarning: Unverified HTTPS request is being made to host 'api.github.com'. Adding certificate verification is strongly advised. See: https://urllib3.readthedocs.io/en/latest/advanced-usage.html#tls-warnings
  warnings.warn(
/Library/Frameworks/Python.framework/Versions/3.14/lib/python3.14/site-packages/urllib3/connectionpool.py:1110: InsecureRequestWarning: Unverified HTTPS request is being made to host 'api.github.com'. Adding certificate verification is strongly advised. See: https://urllib3.readthedocs.io/en/latest/advanced-usage.html#tls-warnings
  warnings.warn(
/Library/Frameworks/Python.framework/Versions/3.14/lib/python3.14/site-packages/urllib3/connectionpool.py:1110: InsecureRequestWarning: Unverified HTTPS request is being made to host 'api.github.com'. Adding certificate verification is strongly advised. See: https://urllib3.readthedocs.io/en/latest/advanced-usage.html#tls-warnings
  warnings.warn(
🌐 執行爬蟲...
══════════════════════════════════════════════════
  共 8 檔基金待查詢
════════════════════════════════════════════════════════════

🌐 啟動瀏覽器...
  [1/8] JFP11    ✅ 淨值=74.1500  分配=0.6930  月配息 TWD 8,879  報酬率 11.22%
  [2/8] ACC3     ❌ 無法取得資料（淨值=None, 分配=0.075）
  [3/8] IGB5     ✅ 淨值=6.9479  分配=0.0510  月配息 TWD 6,973  報酬率 8.81%
  [4/8] FRP4     ✅ 淨值=9.8500  分配=0.0670  月配息 TWD 6,462  報酬率 8.16%
  [5/8] DSP5     ✅ 淨值=8.5763  分配=0.0550  月配息 TWD 6,092  報酬率 7.70%
  [6/8] SCP6     ✅ 淨值=141.7407  分配=1.1841  月配息 TWD 7,936  報酬率 10.02%
  [7/8] ESC1     ❌ 無法取得資料（淨值=None, 分配=0.068749）
  [8/8] MLE24    ✅ 淨值=20.1500  分配=0.1375  月配息 TWD 6,483  報酬率 8.19%
🔒 瀏覽器已關閉

⚠️  以下基金需確認代碼：ACC3, ESC1

════════════════════════════════════════════════════════════════════════════
  📊 基金比較排行（依年化報酬率排序）
════════════════════════════════════════════════════════════════════════════
  排名   基金名稱               淨值      分配金額     月配息(TWD)     年配息(TWD)      報酬率
  ──── ────────── ────────── ───────── ──────────── ──────────── ────────
  🥇    JFP11         74.1500    0.6930        8,879      106,543   11.22%
  🥈    SCP6         141.7407    1.1841        7,936       95,232   10.02%
  🥉    IGB5           6.9479    0.0510        6,973       83,680    8.81%
    4. MLE24         20.1500    0.1375        6,483       77,792    8.19%
    5. FRP4           9.8500    0.0670        6,462       77,543    8.16%
    6. DSP5           8.5763    0.0550        6,092       73,108    7.70%
════════════════════════════════════════════════════════════════════════════

  🏆 最佳選擇：JFP11
     每月可領 TWD 8,879　年化報酬率 11.22%
     vs 最低 DSP5：每月多 TWD 2,786


🌐 開始更新網頁...

  📄 fubon-vcct-calculator
  ✅ JFP11：淨值=74.15，分配=0.693
  ⚠️  IGB5：找不到對應欄位，略過
  ⚠️  FRP4：找不到對應欄位，略過
  ⚠️  DSP5：找不到對應欄位，略過
  ⚠️  SCP6：找不到對應欄位，略過
  ⚠️  MLE24：找不到對應欄位，略過
  ✅ fubon-vcct-calculator 推送成功

  📄 fubon-calculator
  ✅ JFP11：淨值=74.15，分配=0.693
  ⚠️  IGB5：找不到對應欄位，略過
  ⚠️  FRP4：找不到對應欄位，略過
  ⚠️  DSP5：找不到對應欄位，略過
  ⚠️  SCP6：找不到對應欄位，略過
  ⚠️  MLE24：找不到對應欄位，略過
  ✅ fubon-calculator 推送成功

✅ 網頁更新完成！

  解析到：JFP11 nav=74.1500 dist=0.6930
  解析到：IGB5 nav=6.9479 dist=0.0510
  解析到：FRP4 nav=9.8500 dist=0.0670
  解析到：DSP5 nav=8.5763 dist=0.0550
  解析到：SCP6 nav=141.7407 dist=1.1841
  解析到：MLE24 nav=20.1500 dist=0.1375

📄 更新 fubon-vcct-calculator...
  ✅ JFP11：淨值=74.1500，分配=0.6930
  ⚠️  IGB5：不在此 repo
  ✅ FRP4：淨值=9.8500，分配=0.0670
  ✅ DSP5：淨值=8.5763，分配=0.0550
  ⚠️  SCP6：不在此 repo
  ⚠️  MLE24：不在此 repo
  ✅ fubon-vcct-calculator 推送成功

📄 更新 fubon-calculator...
  ✅ JFP11：淨值=74.1500，分配=0.6930
  ✅ IGB5：淨值=6.9479，分配=0.0510
  ✅ FRP4：淨值=9.8500，分配=0.0670
  ✅ DSP5：淨值=8.5763，分配=0.0550
  ✅ SCP6：淨值=141.7407，分配=1.1841
  ✅ MLE24：淨值=20.1500，分配=0.1375
  ✅ fubon-calculator 推送成功

✅ 完成！
完成
========================================
執行時間：2026-07-28 09:18:55
/Library/Frameworks/Python.framework/Versions/3.14/lib/python3.14/site-packages/urllib3/connectionpool.py:1110: InsecureRequestWarning: Unverified HTTPS request is being made to host 'api.github.com'. Adding certificate verification is strongly advised. See: https://urllib3.readthedocs.io/en/latest/advanced-usage.html#tls-warnings
  warnings.warn(
/Library/Frameworks/Python.framework/Versions/3.14/lib/python3.14/site-packages/urllib3/connectionpool.py:1110: InsecureRequestWarning: Unverified HTTPS request is being made to host 'api.github.com'. Adding certificate verification is strongly advised. See: https://urllib3.readthedocs.io/en/latest/advanced-usage.html#tls-warnings
  warnings.warn(
/Library/Frameworks/Python.framework/Versions/3.14/lib/python3.14/site-packages/urllib3/connectionpool.py:1110: InsecureRequestWarning: Unverified HTTPS request is being made to host 'api.github.com'. Adding certificate verification is strongly advised. See: https://urllib3.readthedocs.io/en/latest/advanced-usage.html#tls-warnings
  warnings.warn(
/Library/Frameworks/Python.framework/Versions/3.14/lib/python3.14/site-packages/urllib3/connectionpool.py:1110: InsecureRequestWarning: Unverified HTTPS request is being made to host 'api.github.com'. Adding certificate verification is strongly advised. See: https://urllib3.readthedocs.io/en/latest/advanced-usage.html#tls-warnings
  warnings.warn(
🌐 執行爬蟲...
═════════
  共 8 檔基金待查詢
════════════════════════════════════════════════════════════

🌐 啟動瀏覽器...
  [1/8] JFP11    ✅ 淨值=74.3600  分配=0.6930  月配息 TWD 8,854  報酬率 11.18%
  [2/8] ACC3     ❌ 無法取得資料（淨值=None, 分配=0.075）
  [3/8] IGB5     ✅ 淨值=6.9651  分配=0.0510  月配息 TWD 6,956  報酬率 8.79%
  [4/8] FRP4     ✅ 淨值=9.8800  分配=0.0670  月配息 TWD 6,442  報酬率 8.14%
  [5/8] DSP5     ✅ 淨值=8.5830  分配=0.0550  月配息 TWD 6,088  報酬率 7.69%
  [6/8] SCP6     ✅ 淨值=141.1969  分配=1.1841  月配息 TWD 7,967  報酬率 10.06%
  [7/8] ESC1     ❌ 無法取得資料（淨值=None, 分配=0.068749）
  [8/8] MLE24    ✅ 淨值=19.9700  分配=0.1375  月配息 TWD 6,541  報酬率 8.26%
🔒 瀏覽器已關閉

⚠️  以下基金需確認代碼：ACC3, ESC1

════════════════════════════════════════════════════════════════════════════
  📊 基金比較排行（依年化報酬率排序）
════════════════════════════════════════════════════════════════════════════
  排名   基金名稱               淨值      分配金額     月配息(TWD)     年配息(TWD)      報酬率
  ──── ────────── ────────── ───────── ──────────── ──────────── ────────
  🥇    JFP11         74.3600    0.6930        8,854      106,243   11.18%
  🥈    SCP6         141.1969    1.1841        7,967       95,599   10.06%
  🥉    IGB5           6.9651    0.0510        6,956       83,473    8.79%
    4. MLE24         19.9700    0.1375        6,541       78,493    8.26%
    5. FRP4           9.8800    0.0670        6,442       77,308    8.14%
    6. DSP5           8.5830    0.0550        6,088       73,051    7.69%
════════════════════════════════════════════════════════════════════════════

  🏆 最佳選擇：JFP11
     每月可領 TWD 8,854　年化報酬率 11.18%
     vs 最低 DSP5：每月多 TWD 2,766


🌐 開始更新網頁...

  📄 fubon-vcct-calculator
  ✅ JFP11：淨值=74.36，分配=0.693
  ⚠️  IGB5：找不到對應欄位，略過
  ✅ FRP4：淨值=9.88，分配=0.067
  ✅ DSP5：淨值=8.583，分配=0.055
  ⚠️  SCP6：找不到對應欄位，略過
  ⚠️  MLE24：找不到對應欄位，略過
  ✅ fubon-vcct-calculator 推送成功

  📄 fubon-calculator
  ✅ JFP11：淨值=74.36，分配=0.693
  ✅ IGB5：淨值=6.9651，分配=0.051
  ✅ FRP4：淨值=9.88，分配=0.067
  ✅ DSP5：淨值=8.583，分配=0.055
  ✅ SCP6：淨值=141.1969，分配=1.184059
  ✅ MLE24：淨值=19.97，分配=0.1375
  ✅ fubon-calculator 推送成功

✅ 網頁更新完成！

  解析到：JFP11 nav=74.3600 dist=0.6930
  解析到：IGB5 nav=6.9651 dist=0.0510
  解析到：FRP4 nav=9.8800 dist=0.0670
  解析到：DSP5 nav=8.5830 dist=0.0550
  解析到：SCP6 nav=141.1969 dist=1.1841
  解析到：MLE24 nav=19.9700 dist=0.1375

📄 更新 fubon-vcct-calculator...
  ✅ JFP11：淨值=74.3600，分配=0.6930
  ⚠️  IGB5：不在此 repo
  ✅ FRP4：淨值=9.8800，分配=0.0670
  ✅ DSP5：淨值=8.5830，分配=0.0550
  ⚠️  SCP6：不在此 repo
  ⚠️  MLE24：不在此 repo
  ✅ fubon-vcct-calculator 推送成功

📄 更新 fubon-calculator...
  ✅ JFP11：淨值=74.3600，分配=0.6930
  ✅ IGB5：淨值=6.9651，分配=0.0510
  ✅ FRP4：淨值=9.8800，分配=0.0670
  ✅ DSP5：淨值=8.5830，分配=0.0550
  ✅ SCP6：淨值=141.1969，分配=1.1841
  ✅ MLE24：淨值=19.9700，分配=0.1375
  ✅ fubon-calculator 推送成功

✅ 完成！
完成
========================================
執行時間：2026-07-29 09:18:36
/Library/Frameworks/Python.framework/Versions/3.14/lib/python3.14/site-packages/urllib3/connectionpool.py:1110: InsecureRequestWarning: Unverified HTTPS request is being made to host 'api.github.com'. Adding certificate verification is strongly advised. See: https://urllib3.readthedocs.io/en/latest/advanced-usage.html#tls-warnings
  warnings.warn(
/Library/Frameworks/Python.framework/Versions/3.14/lib/python3.14/site-packages/urllib3/connectionpool.py:1110: InsecureRequestWarning: Unverified HTTPS request is being made to host 'api.github.com'. Adding certificate verification is strongly advised. See: https://urllib3.readthedocs.io/en/latest/advanced-usage.html#tls-warnings
  warnings.warn(
/Library/Frameworks/Python.framework/Versions/3.14/lib/python3.14/site-packages/urllib3/connectionpool.py:1110: InsecureRequestWarning: Unverified HTTPS request is being made to host 'api.github.com'. Adding certificate verification is strongly advised. See: https://urllib3.readthedocs.io/en/latest/advanced-usage.html#tls-warnings
  warnings.warn(
/Library/Frameworks/Python.framework/Versions/3.14/lib/python3.14/site-packages/urllib3/connectionpool.py:1110: InsecureRequestWarning: Unverified HTTPS request is being made to host 'api.github.com'. Adding certificate verification is strongly advised. See: https://urllib3.readthedocs.io/en/latest/advanced-usage.html#tls-warnings
  warnings.warn(
🌐 執行爬蟲...
═══════════
  共 8 檔基金待查詢
════════════════════════════════════════════════════════════

🌐 啟動瀏覽器...
  [1/8] JFP11    ✅ 淨值=74.0000  分配=0.6930  月配息 TWD 8,897  報酬率 11.24%
  [2/8] ACC3     ❌ 無法取得資料（淨值=None, 分配=0.075）
  [3/8] IGB5     ✅ 淨值=6.9680  分配=0.0510  月配息 TWD 6,953  報酬率 8.78%
  [4/8] FRP4     ✅ 淨值=9.9200  分配=0.0670  月配息 TWD 6,416  報酬率 8.10%
  [5/8] DSP5     ✅ 淨值=8.4707  分配=0.0550  月配息 TWD 6,168  報酬率 7.79%
  [6/8] SCP6     ✅ 淨值=141.6531  分配=1.1841  月配息 TWD 7,941  報酬率 10.03%
  [7/8] ESC1     ❌ 無法取得資料（淨值=None, 分配=0.068749）
  [8/8] MLE24    ✅ 淨值=18.7000  分配=0.1375  月配息 TWD 6,985  報酬率 8.82%
🔒 瀏覽器已關閉

⚠️  以下基金需確認代碼：ACC3, ESC1

════════════════════════════════════════════════════════════════════════════
  📊 基金比較排行（依年化報酬率排序）
════════════════════════════════════════════════════════════════════════════
  排名   基金名稱               淨值      分配金額     月配息(TWD)     年配息(TWD)      報酬率
  ──── ────────── ────────── ───────── ──────────── ──────────── ────────
  🥇    JFP11         74.0000    0.6930        8,897      106,759   11.24%
  🥈    SCP6         141.6531    1.1841        7,941       95,291   10.03%
  🥉    MLE24         18.7000    0.1375        6,985       83,824    8.82%
    4. IGB5           6.9680    0.0510        6,953       83,439    8.78%
    5. FRP4           9.9200    0.0670        6,416       76,996    8.10%
    6. DSP5           8.4707    0.0550        6,168       74,020    7.79%
════════════════════════════════════════════════════════════════════════════

  🏆 最佳選擇：JFP11
     每月可領 TWD 8,897　年化報酬率 11.24%
     vs 最低 DSP5：每月多 TWD 2,728


🌐 開始更新網頁...

  📄 fubon-vcct-calculator
  ✅ JFP11：淨值=74.0，分配=0.693
  ⚠️  IGB5：找不到對應欄位，略過
  ✅ FRP4：淨值=9.92，分配=0.067
  ✅ DSP5：淨值=8.4707，分配=0.055
  ⚠️  SCP6：找不到對應欄位，略過
  ⚠️  MLE24：找不到對應欄位，略過
  ✅ fubon-vcct-calculator 推送成功

  📄 fubon-calculator
  ✅ JFP11：淨值=74.0，分配=0.693
  ✅ IGB5：淨值=6.968，分配=0.051
  ✅ FRP4：淨值=9.92，分配=0.067
  ✅ DSP5：淨值=8.4707，分配=0.055
  ✅ SCP6：淨值=141.6531，分配=1.184059
  ✅ MLE24：淨值=18.7，分配=0.1375
  ✅ fubon-calculator 推送成功

✅ 網頁更新完成！

  解析到：JFP11 nav=74.0000 dist=0.6930
  解析到：IGB5 nav=6.9680 dist=0.0510
  解析到：FRP4 nav=9.9200 dist=0.0670
  解析到：DSP5 nav=8.4707 dist=0.0550
  解析到：SCP6 nav=141.6531 dist=1.1841
  解析到：MLE24 nav=18.7000 dist=0.1375

📄 更新 fubon-vcct-calculator...
  ✅ JFP11：淨值=74.0000，分配=0.6930
  ⚠️  IGB5：不在此 repo
  ✅ FRP4：淨值=9.9200，分配=0.0670
  ✅ DSP5：淨值=8.4707，分配=0.0550
  ⚠️  SCP6：不在此 repo
  ⚠️  MLE24：不在此 repo
  ✅ fubon-vcct-calculator 推送成功

📄 更新 fubon-calculator...
  ✅ JFP11：淨值=74.0000，分配=0.6930
  ✅ IGB5：淨值=6.9680，分配=0.0510
  ✅ FRP4：淨值=9.9200，分配=0.0670
  ✅ DSP5：淨值=8.4707，分配=0.0550
  ✅ SCP6：淨值=141.6531，分配=1.1841
  ✅ MLE24：淨值=18.7000，分配=0.1375
  ✅ fubon-calculator 推送成功

✅ 完成！
完成
========================================
執行時間：2026-07-30 10:27:07
/Library/Frameworks/Python.framework/Versions/3.14/lib/python3.14/site-packages/urllib3/connectionpool.py:1110: InsecureRequestWarning: Unverified HTTPS request is being made to host 'api.github.com'. Adding certificate verification is strongly advised. See: https://urllib3.readthedocs.io/en/latest/advanced-usage.html#tls-warnings
  warnings.warn(
/Library/Frameworks/Python.framework/Versions/3.14/lib/python3.14/site-packages/urllib3/connectionpool.py:1110: InsecureRequestWarning: Unverified HTTPS request is being made to host 'api.github.com'. Adding certificate verification is strongly advised. See: https://urllib3.readthedocs.io/en/latest/advanced-usage.html#tls-warnings
  warnings.warn(
/Library/Frameworks/Python.framework/Versions/3.14/lib/python3.14/site-packages/urllib3/connectionpool.py:1110: InsecureRequestWarning: Unverified HTTPS request is being made to host 'api.github.com'. Adding certificate verification is strongly advised. See: https://urllib3.readthedocs.io/en/latest/advanced-usage.html#tls-warnings
  warnings.warn(
/Library/Frameworks/Python.framework/Versions/3.14/lib/python3.14/site-packages/urllib3/connectionpool.py:1110: InsecureRequestWarning: Unverified HTTPS request is being made to host 'api.github.com'. Adding certificate verification is strongly advised. See: https://urllib3.readthedocs.io/en/latest/advanced-usage.html#tls-warnings
  warnings.warn(
🌐 執行爬蟲...
═══════
  共 8 檔基金待查詢
════════════════════════════════════════════════════════════

🌐 啟動瀏覽器...
  [1/8] JFP11    ✅ 淨值=73.9700  分配=0.6930  月配息 TWD 8,900  報酬率 11.24%
  [2/8] ACC3     ❌ 無法取得資料（淨值=None, 分配=0.075）
  [3/8] IGB5     ✅ 淨值=6.9634  分配=0.0510  月配息 TWD 6,958  報酬率 8.79%
  [4/8] FRP4     ✅ 淨值=9.8800  分配=0.0670  月配息 TWD 6,442  報酬率 8.14%
  [5/8] DSP5     ✅ 淨值=8.4609  分配=0.0550  月配息 TWD 6,175  報酬率 7.80%
  [6/8] SCP6     ✅ 淨值=140.8886  分配=1.1841  月配息 TWD 7,984  報酬率 10.09%
  [7/8] ESC1     ❌ 無法取得資料（淨值=None, 分配=0.068749）
  [8/8] MLE24    ✅ 淨值=18.6700  分配=0.1375  月配息 TWD 6,997  報酬率 8.84%
🔒 瀏覽器已關閉

⚠️  以下基金需確認代碼：ACC3, ESC1

════════════════════════════════════════════════════════════════════════════
  📊 基金比較排行（依年化報酬率排序）
════════════════════════════════════════════════════════════════════════════
  排名   基金名稱               淨值      分配金額     月配息(TWD)     年配息(TWD)      報酬率
  ──── ────────── ────────── ───────── ──────────── ──────────── ────────
  🥇    JFP11         73.9700    0.6930        8,900      106,803   11.24%
  🥈    SCP6         140.8886    1.1841        7,984       95,808   10.09%
  🥉    MLE24         18.6700    0.1375        6,997       83,958    8.84%
    4. IGB5           6.9634    0.0510        6,958       83,494    8.79%
    5. FRP4           9.8800    0.0670        6,442       77,308    8.14%
    6. DSP5           8.4609    0.0550        6,175       74,106    7.80%
════════════════════════════════════════════════════════════════════════════

  🏆 最佳選擇：JFP11
     每月可領 TWD 8,900　年化報酬率 11.24%
     vs 最低 DSP5：每月多 TWD 2,725


🌐 開始更新網頁...

  📄 fubon-vcct-calculator
  ✅ JFP11：淨值=73.97，分配=0.693
  ⚠️  IGB5：找不到對應欄位，略過
  ✅ FRP4：淨值=9.88，分配=0.067
  ✅ DSP5：淨值=8.4609，分配=0.055
  ⚠️  SCP6：找不到對應欄位，略過
  ⚠️  MLE24：找不到對應欄位，略過
  ✅ fubon-vcct-calculator 推送成功

  📄 fubon-calculator
  ✅ JFP11：淨值=73.97，分配=0.693
  ✅ IGB5：淨值=6.9634，分配=0.051
  ✅ FRP4：淨值=9.88，分配=0.067
  ✅ DSP5：淨值=8.4609，分配=0.055
  ✅ SCP6：淨值=140.8886，分配=1.184059
  ✅ MLE24：淨值=18.67，分配=0.1375
  ✅ fubon-calculator 推送成功

✅ 網頁更新完成！

  解析到：JFP11 nav=73.9700 dist=0.6930
  解析到：IGB5 nav=6.9634 dist=0.0510
  解析到：FRP4 nav=9.8800 dist=0.0670
  解析到：DSP5 nav=8.4609 dist=0.0550
  解析到：SCP6 nav=140.8886 dist=1.1841
  解析到：MLE24 nav=18.6700 dist=0.1375

📄 更新 fubon-vcct-calculator...
  ✅ JFP11：淨值=73.9700，分配=0.6930
  ⚠️  IGB5：不在此 repo
  ✅ FRP4：淨值=9.8800，分配=0.0670
  ✅ DSP5：淨值=8.4609，分配=0.0550
  ⚠️  SCP6：不在此 repo
  ⚠️  MLE24：不在此 repo
  ✅ fubon-vcct-calculator 推送成功

📄 更新 fubon-calculator...
  ✅ JFP11：淨值=73.9700，分配=0.6930
  ✅ IGB5：淨值=6.9634，分配=0.0510
  ✅ FRP4：淨值=9.8800，分配=0.0670
  ✅ DSP5：淨值=8.4609，分配=0.0550
  ✅ SCP6：淨值=140.8886，分配=1.1841
  ✅ MLE24：淨值=18.6700，分配=0.1375
  ✅ fubon-calculator 推送成功

✅ 完成！
完成
========================================
執行時間：2026-08-03 09:14:32
/Library/Frameworks/Python.framework/Versions/3.14/lib/python3.14/site-packages/urllib3/connectionpool.py:1110: InsecureRequestWarning: Unverified HTTPS request is being made to host 'api.github.com'. Adding certificate verification is strongly advised. See: https://urllib3.readthedocs.io/en/latest/advanced-usage.html#tls-warnings
  warnings.warn(
/Library/Frameworks/Python.framework/Versions/3.14/lib/python3.14/site-packages/urllib3/connectionpool.py:1110: InsecureRequestWarning: Unverified HTTPS request is being made to host 'api.github.com'. Adding certificate verification is strongly advised. See: https://urllib3.readthedocs.io/en/latest/advanced-usage.html#tls-warnings
  warnings.warn(
/Library/Frameworks/Python.framework/Versions/3.14/lib/python3.14/site-packages/urllib3/connectionpool.py:1110: InsecureRequestWarning: Unverified HTTPS request is being made to host 'api.github.com'. Adding certificate verification is strongly advised. See: https://urllib3.readthedocs.io/en/latest/advanced-usage.html#tls-warnings
  warnings.warn(
/Library/Frameworks/Python.framework/Versions/3.14/lib/python3.14/site-packages/urllib3/connectionpool.py:1110: InsecureRequestWarning: Unverified HTTPS request is being made to host 'api.github.com'. Adding certificate verification is strongly advised. See: https://urllib3.readthedocs.io/en/latest/advanced-usage.html#tls-warnings
  warnings.warn(
🌐 執行爬蟲...
══════════
  共 8 檔基金待查詢
════════════════════════════════════════════════════════════

🌐 啟動瀏覽器...
  [1/8] JFP11    ✅ 淨值=74.3700  分配=0.6930  月配息 TWD 8,852  報酬率 11.18%
  [2/8] ACC3     ❌ 無法取得資料（淨值=None, 分配=0.075）
  [3/8] IGB5     ✅ 淨值=6.9511  分配=0.0510  月配息 TWD 6,970  報酬率 8.80%
  [4/8] FRP4     ✅ 淨值=9.9200  分配=0.0670  月配息 TWD 6,416  報酬率 8.10%
  [5/8] DSP5     ✅ 淨值=8.5330  分配=0.0550  月配息 TWD 6,123  報酬率 7.73%
  [6/8] SCP6     ✅ 淨值=139.5372  分配=1.1741  月配息 TWD 7,993  報酬率 10.10%
  [7/8] ESC1     ❌ 無法取得資料（淨值=None, 分配=0.068749）
  [8/8] MLE24    ✅ 淨值=19.8000  分配=0.1375  月配息 TWD 6,597  報酬率 8.33%
🔒 瀏覽器已關閉

⚠️  以下基金需確認代碼：ACC3, ESC1

════════════════════════════════════════════════════════════════════════════
  📊 基金比較排行（依年化報酬率排序）
════════════════════════════════════════════════════════════════════════════
  排名   基金名稱               淨值      分配金額     月配息(TWD)     年配息(TWD)      報酬率
  ──── ────────── ────────── ───────── ──────────── ──────────── ────────
  🥇    JFP11         74.3700    0.6930        8,852      106,228   11.18%
  🥈    SCP6         139.5372    1.1741        7,993       95,920   10.10%
  🥉    IGB5           6.9511    0.0510        6,970       83,641    8.80%
    4. MLE24         19.8000    0.1375        6,597       79,167    8.33%
    5. FRP4           9.9200    0.0670        6,416       76,996    8.10%
    6. DSP5           8.5330    0.0550        6,123       73,479    7.73%
════════════════════════════════════════════════════════════════════════════

  🏆 最佳選擇：JFP11
     每月可領 TWD 8,852　年化報酬率 11.18%
     vs 最低 DSP5：每月多 TWD 2,729


🌐 開始更新網頁...

  📄 fubon-vcct-calculator
  ✅ JFP11：淨值=74.37，分配=0.693
  ⚠️  IGB5：找不到對應欄位，略過
  ✅ FRP4：淨值=9.92，分配=0.067
  ✅ DSP5：淨值=8.533，分配=0.055
  ⚠️  SCP6：找不到對應欄位，略過
  ⚠️  MLE24：找不到對應欄位，略過
  ✅ fubon-vcct-calculator 推送成功

  📄 fubon-calculator
  ✅ JFP11：淨值=74.37，分配=0.693
  ✅ IGB5：淨值=6.9511，分配=0.051
  ✅ FRP4：淨值=9.92，分配=0.067
  ✅ DSP5：淨值=8.533，分配=0.055
  ✅ SCP6：淨值=139.5372，分配=1.174071
  ✅ MLE24：淨值=19.8，分配=0.1375
  ✅ fubon-calculator 推送成功

✅ 網頁更新完成！

  解析到：JFP11 nav=74.3700 dist=0.6930
  解析到：IGB5 nav=6.9511 dist=0.0510
  解析到：FRP4 nav=9.9200 dist=0.0670
  解析到：DSP5 nav=8.5330 dist=0.0550
  解析到：SCP6 nav=139.5372 dist=1.1741
  解析到：MLE24 nav=19.8000 dist=0.1375

📄 更新 fubon-vcct-calculator...
  ✅ JFP11：淨值=74.3700，分配=0.6930
  ⚠️  IGB5：不在此 repo
  ✅ FRP4：淨值=9.9200，分配=0.0670
  ✅ DSP5：淨值=8.5330，分配=0.0550
  ⚠️  SCP6：不在此 repo
  ⚠️  MLE24：不在此 repo
  ✅ fubon-vcct-calculator 推送成功

📄 更新 fubon-calculator...
  ✅ JFP11：淨值=74.3700，分配=0.6930
  ✅ IGB5：淨值=6.9511，分配=0.0510
  ✅ FRP4：淨值=9.9200，分配=0.0670
  ✅ DSP5：淨值=8.5330，分配=0.0550
  ✅ SCP6：淨值=139.5372，分配=1.1741
  ✅ MLE24：淨值=19.8000，分配=0.1375
  ✅ fubon-calculator 推送成功

✅ 完成！
完成
========================================
執行時間：2026-08-07 09:26:58
/Library/Frameworks/Python.framework/Versions/3.14/lib/python3.14/site-packages/urllib3/connectionpool.py:1110: InsecureRequestWarning: Unverified HTTPS request is being made to host 'api.github.com'. Adding certificate verification is strongly advised. See: https://urllib3.readthedocs.io/en/latest/advanced-usage.html#tls-warnings
  warnings.warn(
/Library/Frameworks/Python.framework/Versions/3.14/lib/python3.14/site-packages/urllib3/connectionpool.py:1110: InsecureRequestWarning: Unverified HTTPS request is being made to host 'api.github.com'. Adding certificate verification is strongly advised. See: https://urllib3.readthedocs.io/en/latest/advanced-usage.html#tls-warnings
  warnings.warn(
/Library/Frameworks/Python.framework/Versions/3.14/lib/python3.14/site-packages/urllib3/connectionpool.py:1110: InsecureRequestWarning: Unverified HTTPS request is being made to host 'api.github.com'. Adding certificate verification is strongly advised. See: https://urllib3.readthedocs.io/en/latest/advanced-usage.html#tls-warnings
  warnings.warn(
/Library/Frameworks/Python.framework/Versions/3.14/lib/python3.14/site-packages/urllib3/connectionpool.py:1110: InsecureRequestWarning: Unverified HTTPS request is being made to host 'api.github.com'. Adding certificate verification is strongly advised. See: https://urllib3.readthedocs.io/en/latest/advanced-usage.html#tls-warnings
  warnings.warn(
🌐 執行爬蟲...
=0.0510  月配息 TWD 6,987  報酬率 8.83%
  [4/8] FRP4     ✅ 淨值=9.9400  分配=0.0670  月配息 TWD 6,403  報酬率 8.09%
  [5/8] DSP5     ✅ 淨值=8.7369  分配=0.0550  月配息 TWD 5,980  報酬率 7.55%
  [6/8] SCP6     ✅ 淨值=143.7065  分配=1.1741  月配息 TWD 7,761  報酬率 9.80%
  [7/8] ESC1     ✅ 淨值=8.3900  分配=0.0687  月配息 TWD 7,784  報酬率 9.83%
  [8/8] MLE24    ✅ 淨值=20.5100  分配=0.1530  月配息 TWD 7,087  報酬率 8.95%
🔒 瀏覽器已關閉

════════════════════════════════════════════════════════════════════════════
  📊 基金比較排行（依年化報酬率排序）
════════════════════════════════════════════════════════════════════════════
  排名   基金名稱               淨值      分配金額     月配息(TWD)     年配息(TWD)      報酬率
  ──── ────────── ────────── ───────── ──────────── ──────────── ────────
  🥇    JFP11         75.2800    0.6930        8,745      104,944   11.05%
  🥈    ESC1           8.3900    0.0687        7,784       93,413    9.83%
  🥉    SCP6         143.7065    1.1741        7,761       93,137    9.80%
    4. ACC3           9.5000    0.0750        7,500       90,000    9.47%
    5. MLE24         20.5100    0.1530        7,087       85,041    8.95%
    6. IGB5           6.9339    0.0510        6,987       83,849    8.83%
    7. FRP4           9.9400    0.0670        6,403       76,841    8.09%
    8. DSP5           8.7369    0.0550        5,980       71,765    7.55%
════════════════════════════════════════════════════════════════════════════

  🏆 最佳選擇：JFP11
     每月可領 TWD 8,745　年化報酬率 11.05%
     vs 最低 DSP5：每月多 TWD 2,765


🌐 開始更新網頁...

  📄 fubon-vcct-calculator
  ✅ JFP11：淨值=75.28，分配=0.693
  ✅ ACC3：淨值=9.5，分配=0.075
  ⚠️  IGB5：找不到對應欄位，略過
  ✅ FRP4：淨值=9.94，分配=0.067
  ✅ DSP5：淨值=8.7369，分配=0.055
  ⚠️  SCP6：找不到對應欄位，略過
  ⚠️  ESC1：找不到對應欄位，略過
  ⚠️  MLE24：找不到對應欄位，略過
  ✅ fubon-vcct-calculator 推送成功

  📄 fubon-calculator
  ✅ JFP11：淨值=75.28，分配=0.693
  ✅ ACC3：淨值=9.5，分配=0.075
  ✅ IGB5：淨值=6.9339，分配=0.051
  ✅ FRP4：淨值=9.94，分配=0.067
  ✅ DSP5：淨值=8.7369，分配=0.055
  ✅ SCP6：淨值=143.7065，分配=1.174071
  ✅ ESC1：淨值=8.39，分配=0.068749
  ✅ MLE24：淨值=20.51，分配=0.153
  ✅ fubon-calculator 推送成功

✅ 網頁更新完成！

  解析到：JFP11 nav=75.2800 dist=0.6930
  解析到：ACC3 nav=9.5000 dist=0.0750
  解析到：IGB5 nav=6.9339 dist=0.0510
  解析到：FRP4 nav=9.9400 dist=0.0670
  解析到：DSP5 nav=8.7369 dist=0.0550
  解析到：SCP6 nav=143.7065 dist=1.1741
  解析到：ESC1 nav=8.3900 dist=0.0687
  解析到：MLE24 nav=20.5100 dist=0.1530

📄 更新 fubon-vcct-calculator...
  ✅ JFP11：淨值=75.2800，分配=0.6930
  ✅ ACC3：淨值=9.5000，分配=0.0750
  ⚠️  IGB5：不在此 repo
  ✅ FRP4：淨值=9.9400，分配=0.0670
  ✅ DSP5：淨值=8.7369，分配=0.0550
  ⚠️  SCP6：不在此 repo
  ⚠️  ESC1：不在此 repo
  ⚠️  MLE24：不在此 repo
  ✅ fubon-vcct-calculator 推送成功

📄 更新 fubon-calculator...
  ✅ JFP11：淨值=75.2800，分配=0.6930
  ✅ ACC3：淨值=9.5000，分配=0.0750
  ✅ IGB5：淨值=6.9339，分配=0.0510
  ✅ FRP4：淨值=9.9400，分配=0.0670
  ✅ DSP5：淨值=8.7369，分配=0.0550
  ✅ SCP6：淨值=143.7065，分配=1.1741
  ✅ ESC1：淨值=8.3900，分配=0.0687
  ✅ MLE24：淨值=20.5100，分配=0.1530
  ✅ fubon-calculator 推送成功

✅ 完成！
完成
